Contour,X,Y
1,1.0,136.0
1,2.0,135.0
1,3.0,134.0
1,4.0,133.0
1,4.0,132.0
1,5.0,131.0
1,5.0,130.0
1,6.0,129.0
1,7.0,128.0
1,7.0,127.0
1,8.0,126.0
1,8.0,125.0
1,9.0,124.0
1,10.0,123.0
1,10.0,122.0
1,11.0,121.0
1,11.0,120.0
1,12.0,119.0
1,12.0,118.0
1,13.0,117.0
1,14.0,116.0
1,14.0,115.0
1,15.0,114.0
1,15.0,113.0
1,16.0,112.0
1,16.0,111.0
1,17.0,110.0
1,17.0,109.0
1,18.0,108.0
1,18.0,107.0
1,19.0,106.0
1,20.0,105.0
1,20.0,104.0
1,21.0,103.0
1,21.0,102.0
1,22.0,101.0
1,22.0,100.0
1,23.0,99.0
1,23.0,98.0
1,24.0,97.0
1,24.0,96.0
1,25.0,95.0
1,25.0,94.0
1,26.0,93.0
1,26.0,92.0
1,27.0,91.0
1,27.0,90.0
1,28.0,89.0
1,28.0,88.0
1,29.0,87.0
1,29.0,86.0
1,30.0,85.0
1,30.0,84.0
1,31.0,83.0
1,31.0,82.0
1,32.0,81.0
1,32.0,80.0
1,33.0,79.0
1,33.0,78.0
1,34.0,77.0
1,34.0,76.0
1,35.0,75.0
1,35.0,74.0
1,36.0,73.0
1,36.0,72.0
1,37.0,71.0
1,37.0,70.0
1,38.0,69.0
1,38.0,68.0
1,39.0,67.0
1,39.0,66.0
1,40.0,65.0
1,40.0,64.0
1,41.0,63.0
1,42.0,62.0
1,42.0,61.0
1,43.0,60.0
1,43.0,59.0
1,44.0,58.0
1,45.0,57.0
1,45.0,56.0
1,46.0,55.0
1,46.0,54.0
1,47.0,53.0
1,48.0,52.0
1,48.0,51.0
1,49.0,50.0
1,50.0,49.0
1,50.0,48.0
1,51.0,47.0
1,52.0,46.0
1,52.0,45.0
1,53.0,44.0
1,54.0,43.0
1,55.0,42.0
1,55.0,41.0
1,56.0,40.0
1,57.0,39.0
1,57.0,38.0
1,58.0,37.0
1,59.0,36.0
1,60.0,35.0
1,61.0,34.0
1,61.0,33.0
1,62.0,32.0
1,63.0,31.0
1,64.0,30.0
1,64.0,29.0
1,65.0,28.0
1,66.0,27.0
1,67.0,26.0
1,68.0,25.0
1,68.0,24.0
1,69.0,23.0
1,70.0,22.0
1,71.0,21.0
1,72.0,20.0
1,73.0,19.0
1,73.0,18.0
1,74.0,17.0
1,75.0,16.0
1,76.0,15.0
1,77.0,14.0
1,78.0,13.0
1,79.0,12.0
1,80.0,11.0
1,80.0,10.0
1,81.0,9.0
1,82.0,8.0
1,83.0,7.0
1,84.0,6.0
1,85.0,5.0
1,86.0,4.0
1,87.0,3.0
1,88.0,2.0
1,89.0,1.0
1,90.0,1.0
1,91.0,1.0
1,92.0,1.0
1,93.0,1.0
1,94.0,1.0
1,95.0,1.0
1,94.0,2.0
1,93.0,2.0
1,92.0,3.0
1,92.0,4.0
1,91.0,5.0
1,90.0,6.0
1,89.0,7.0
1,88.0,8.0
1,87.0,9.0
1,86.0,10.0
1,85.0,11.0
1,84.0,12.0
1,83.0,13.0
1,83.0,14.0
1,82.0,14.0
1,81.0,15.0
1,81.0,16.0
1,80.0,17.0
1,79.0,18.0
1,78.0,19.0
1,77.0,20.0
1,76.0,21.0
1,76.0,22.0
1,75.0,22.0
1,74.0,23.0
1,74.0,24.0
1,73.0,25.0
1,72.0,26.0
1,71.0,27.0
1,70.0,28.0
1,69.0,29.0
1,69.0,30.0
1,68.0,31.0
1,67.0,32.0
1,66.0,33.0
1,65.0,34.0
1,65.0,35.0
1,64.0,36.0
1,63.0,37.0
1,62.0,38.0
1,62.0,39.0
1,61.0,40.0
1,60.0,41.0
1,59.0,42.0
1,59.0,43.0
1,58.0,44.0
1,57.0,45.0
1,56.0,46.0
1,56.0,47.0
1,55.0,48.0
1,54.0,49.0
1,54.0,50.0
1,53.0,51.0
1,52.0,52.0
1,52.0,53.0
1,51.0,54.0
1,50.0,55.0
1,50.0,56.0
1,49.0,57.0
1,49.0,58.0
1,48.0,59.0
1,47.0,60.0
1,47.0,61.0
1,46.0,62.0
1,45.0,63.0
1,45.0,64.0
1,44.0,65.0
1,44.0,66.0
1,43.0,67.0
1,43.0,68.0
1,42.0,69.0
1,42.0,70.0
1,41.0,71.0
1,41.0,72.0
1,40.0,73.0
1,40.0,74.0
1,39.0,75.0
1,39.0,76.0
1,38.0,77.0
1,38.0,78.0
1,37.0,79.0
1,37.0,80.0
1,36.0,81.0
1,36.0,82.0
1,35.0,83.0
1,35.0,84.0
1,34.0,85.0
1,34.0,86.0
1,33.0,87.0
1,33.0,88.0
1,32.0,89.0
1,32.0,90.0
1,31.0,91.0
1,31.0,92.0
1,30.0,93.0
1,30.0,94.0
1,29.0,95.0
1,28.0,96.0
1,28.0,97.0
1,27.0,98.0
1,27.0,99.0
1,27.0,100.0
1,26.0,101.0
1,26.0,102.0
1,25.0,103.0
1,24.0,104.0
1,24.0,105.0
1,23.0,106.0
1,23.0,107.0
1,22.0,108.0
1,22.0,109.0
1,21.0,110.0
1,21.0,111.0
1,20.0,112.0
1,20.0,113.0
1,19.0,114.0
1,19.0,115.0
1,18.0,116.0
1,17.0,117.0
1,17.0,118.0
1,16.0,119.0
1,16.0,120.0
1,15.0,121.0
1,15.0,122.0
1,14.0,123.0
1,14.0,124.0
1,13.0,125.0
1,12.0,126.0
1,12.0,127.0
1,11.0,128.0
1,11.0,129.0
1,10.0,130.0
1,9.0,131.0
1,9.0,132.0
1,8.0,133.0
1,8.0,134.0
1,7.0,135.0
1,6.0,136.0
1,6.0,137.0
1,5.0,138.0
1,4.0,139.0
1,4.0,140.0
1,3.0,141.0
1,2.0,142.0
1,1.0,143.0
1,1.0,144.0
1,1.0,143.0
1,1.0,142.0
1,1.0,141.0
1,1.0,140.0
1,1.0,139.0
1,1.0,138.0
1,1.0,137.0
1,1.0,136.0
2,51.0,298.0
2,52.0,297.0
2,52.0,296.0
2,52.0,295.0
2,52.0,294.0
2,52.0,293.0
2,52.0,292.0
2,52.0,291.0
2,52.0,290.0
2,52.0,289.0
2,52.0,288.0
2,52.0,287.0
2,52.0,286.0
2,53.0,285.0
2,53.0,284.0
2,53.0,283.0
2,53.0,282.0
2,53.0,281.0
2,53.0,280.0
2,53.0,279.0
2,53.0,278.0
2,54.0,277.0
2,54.0,276.0
2,54.0,275.0
2,54.0,274.0
2,54.0,273.0
2,54.0,272.0
2,54.0,271.0
2,54.0,270.0
2,55.0,269.0
2,55.0,268.0
2,55.0,267.0
2,55.0,266.0
2,55.0,265.0
2,55.0,264.0
2,56.0,263.0
2,56.0,262.0
2,56.0,261.0
2,56.0,260.0
2,56.0,259.0
2,56.0,258.0
2,57.0,257.0
2,57.0,256.0
2,57.0,255.0
2,57.0,254.0
2,57.0,253.0
2,57.0,252.0
2,58.0,251.0
2,58.0,250.0
2,58.0,249.0
2,58.0,248.0
2,58.0,247.0
2,59.0,246.0
2,59.0,245.0
2,59.0,244.0
2,59.0,243.0
2,59.0,242.0
2,59.0,241.0
2,60.0,240.0
2,60.0,239.0
2,60.0,238.0
2,60.0,237.0
2,61.0,236.0
2,61.0,235.0
2,61.0,234.0
2,61.0,233.0
2,61.0,232.0
2,62.0,231.0
2,62.0,230.0
2,62.0,229.0
2,62.0,228.0
2,63.0,227.0
2,63.0,226.0
2,63.0,225.0
2,63.0,224.0
2,63.0,223.0
2,64.0,222.0
2,64.0,221.0
2,64.0,220.0
2,64.0,219.0
2,65.0,218.0
2,65.0,217.0
2,65.0,216.0
2,65.0,215.0
2,66.0,214.0
2,66.0,213.0
2,66.0,212.0
2,66.0,211.0
2,67.0,210.0
2,67.0,209.0
2,67.0,208.0
2,67.0,207.0
2,68.0,206.0
2,68.0,205.0
2,68.0,204.0
2,69.0,203.0
2,69.0,202.0
2,69.0,201.0
2,69.0,200.0
2,70.0,199.0
2,70.0,198.0
2,70.0,197.0
2,70.0,196.0
2,71.0,195.0
2,71.0,194.0
2,71.0,193.0
2,72.0,192.0
2,72.0,191.0
2,72.0,190.0
2,73.0,189.0
2,73.0,188.0
2,73.0,187.0
2,73.0,186.0
2,74.0,185.0
2,74.0,184.0
2,74.0,183.0
2,75.0,182.0
2,75.0,181.0
2,75.0,180.0
2,76.0,179.0
2,76.0,178.0
2,76.0,177.0
2,77.0,176.0
2,77.0,175.0
2,77.0,174.0
2,78.0,173.0
2,78.0,172.0
2,78.0,171.0
2,79.0,170.0
2,79.0,169.0
2,79.0,168.0
2,80.0,167.0
2,80.0,166.0
2,80.0,165.0
2,81.0,164.0
2,81.0,163.0
2,82.0,162.0
2,82.0,161.0
2,82.0,160.0
2,83.0,159.0
2,83.0,158.0
2,84.0,157.0
2,84.0,156.0
2,84.0,155.0
2,85.0,154.0
2,85.0,153.0
2,86.0,152.0
2,86.0,151.0
2,87.0,150.0
2,87.0,149.0
2,87.0,148.0
2,88.0,147.0
2,88.0,146.0
2,89.0,145.0
2,89.0,144.0
2,90.0,143.0
2,90.0,142.0
2,91.0,141.0
2,91.0,140.0
2,92.0,139.0
2,92.0,138.0
2,93.0,137.0
2,93.0,136.0
2,94.0,135.0
2,94.0,134.0
2,95.0,133.0
2,95.0,132.0
2,96.0,131.0
2,96.0,130.0
2,97.0,129.0
2,97.0,128.0
2,98.0,127.0
2,98.0,126.0
2,99.0,125.0
2,99.0,124.0
2,100.0,123.0
2,100.0,122.0
2,101.0,121.0
2,102.0,120.0
2,102.0,119.0
2,103.0,118.0
2,103.0,117.0
2,104.0,116.0
2,104.0,115.0
2,105.0,114.0
2,105.0,113.0
2,106.0,112.0
2,107.0,111.0
2,107.0,110.0
2,108.0,109.0
2,108.0,108.0
2,109.0,107.0
2,109.0,106.0
2,110.0,105.0
2,111.0,104.0
2,111.0,103.0
2,112.0,102.0
2,112.0,101.0
2,113.0,100.0
2,113.0,99.0
2,114.0,98.0
2,115.0,97.0
2,115.0,96.0
2,116.0,95.0
2,117.0,94.0
2,117.0,93.0
2,118.0,92.0
2,118.0,91.0
2,119.0,90.0
2,120.0,89.0
2,120.0,88.0
2,121.0,87.0
2,121.0,86.0
2,122.0,85.0
2,123.0,84.0
2,123.0,83.0
2,124.0,82.0
2,125.0,81.0
2,125.0,80.0
2,126.0,79.0
2,126.0,78.0
2,127.0,77.0
2,128.0,76.0
2,128.0,75.0
2,129.0,74.0
2,130.0,73.0
2,130.0,72.0
2,131.0,71.0
2,132.0,70.0
2,132.0,69.0
2,133.0,68.0
2,134.0,67.0
2,134.0,66.0
2,135.0,65.0
2,136.0,64.0
2,136.0,63.0
2,137.0,62.0
2,138.0,61.0
2,138.0,60.0
2,139.0,59.0
2,140.0,58.0
2,140.0,57.0
2,141.0,56.0
2,142.0,55.0
2,142.0,54.0
2,143.0,53.0
2,144.0,52.0
2,144.0,51.0
2,145.0,50.0
2,146.0,49.0
2,146.0,48.0
2,147.0,47.0
2,148.0,46.0
2,148.0,45.0
2,149.0,44.0
2,150.0,43.0
2,150.0,42.0
2,151.0,41.0
2,152.0,40.0
2,152.0,39.0
2,153.0,38.0
2,154.0,37.0
2,155.0,36.0
2,155.0,35.0
2,156.0,34.0
2,157.0,33.0
2,157.0,32.0
2,158.0,31.0
2,159.0,30.0
2,160.0,29.0
2,160.0,28.0
2,161.0,27.0
2,162.0,26.0
2,162.0,25.0
2,163.0,24.0
2,164.0,23.0
2,165.0,22.0
2,165.0,21.0
2,166.0,20.0
2,167.0,19.0
2,167.0,18.0
2,168.0,17.0
2,169.0,16.0
2,170.0,15.0
2,170.0,14.0
2,171.0,13.0
2,172.0,12.0
2,173.0,11.0
2,173.0,10.0
2,174.0,9.0
2,175.0,8.0
2,176.0,7.0
2,176.0,6.0
2,177.0,5.0
2,178.0,4.0
2,179.0,3.0
2,179.0,2.0
2,180.0,1.0
2,181.0,1.0
2,182.0,1.0
2,183.0,1.0
2,184.0,1.0
2,185.0,1.0
2,184.0,2.0
2,183.0,3.0
2,183.0,4.0
2,182.0,5.0
2,181.0,6.0
2,180.0,7.0
2,180.0,8.0
2,179.0,9.0
2,178.0,10.0
2,177.0,11.0
2,177.0,12.0
2,176.0,13.0
2,175.0,14.0
2,175.0,15.0
2,174.0,16.0
2,173.0,17.0
2,172.0,18.0
2,172.0,19.0
2,171.0,20.0
2,170.0,21.0
2,169.0,22.0
2,169.0,23.0
2,168.0,24.0
2,167.0,25.0
2,167.0,26.0
2,166.0,27.0
2,165.0,28.0
2,164.0,29.0
2,164.0,30.0
2,163.0,31.0
2,162.0,32.0
2,161.0,33.0
2,161.0,34.0
2,160.0,35.0
2,159.0,36.0
2,159.0,37.0
2,158.0,38.0
2,157.0,39.0
2,157.0,40.0
2,156.0,41.0
2,155.0,42.0
2,154.0,43.0
2,154.0,44.0
2,153.0,45.0
2,152.0,46.0
2,152.0,47.0
2,151.0,48.0
2,150.0,49.0
2,150.0,50.0
2,149.0,51.0
2,148.0,52.0
2,147.0,53.0
2,147.0,54.0
2,146.0,55.0
2,146.0,56.0
2,145.0,57.0
2,144.0,58.0
2,143.0,59.0
2,143.0,60.0
2,142.0,61.0
2,141.0,62.0
2,141.0,63.0
2,140.0,64.0
2,139.0,65.0
2,139.0,66.0
2,138.0,67.0
2,137.0,68.0
2,137.0,69.0
2,136.0,70.0
2,135.0,71.0
2,135.0,72.0
2,134.0,73.0
2,133.0,74.0
2,133.0,75.0
2,132.0,76.0
2,132.0,77.0
2,131.0,78.0
2,130.0,79.0
2,130.0,80.0
2,129.0,81.0
2,128.0,82.0
2,128.0,83.0
2,127.0,84.0
2,126.0,85.0
2,126.0,86.0
2,125.0,87.0
2,125.0,88.0
2,124.0,89.0
2,123.0,90.0
2,123.0,91.0
2,122.0,92.0
2,121.0,93.0
2,121.0,94.0
2,120.0,95.0
2,120.0,96.0
2,119.0,97.0
2,118.0,98.0
2,118.0,99.0
2,117.0,100.0
2,117.0,101.0
2,116.0,102.0
2,115.0,103.0
2,115.0,104.0
2,114.0,105.0
2,114.0,106.0
2,113.0,107.0
2,112.0,108.0
2,112.0,109.0
2,111.0,110.0
2,111.0,111.0
2,110.0,112.0
2,110.0,113.0
2,109.0,114.0
2,108.0,115.0
2,108.0,116.0
2,107.0,117.0
2,107.0,118.0
2,106.0,119.0
2,106.0,120.0
2,105.0,121.0
2,105.0,122.0
2,104.0,123.0
2,103.0,124.0
2,103.0,125.0
2,102.0,126.0
2,102.0,127.0
2,101.0,128.0
2,101.0,129.0
2,100.0,130.0
2,100.0,131.0
2,99.0,132.0
2,99.0,133.0
2,98.0,134.0
2,98.0,135.0
2,97.0,136.0
2,97.0,137.0
2,96.0,138.0
2,96.0,139.0
2,95.0,140.0
2,95.0,141.0
2,94.0,142.0
2,94.0,143.0
2,93.0,144.0
2,93.0,145.0
2,92.0,146.0
2,92.0,147.0
2,91.0,148.0
2,91.0,149.0
2,90.0,150.0
2,90.0,151.0
2,90.0,152.0
2,89.0,153.0
2,89.0,154.0
2,88.0,155.0
2,88.0,156.0
2,87.0,157.0
2,87.0,158.0
2,87.0,159.0
2,86.0,160.0
2,86.0,161.0
2,85.0,162.0
2,85.0,163.0
2,85.0,164.0
2,84.0,165.0
2,84.0,166.0
2,83.0,167.0
2,83.0,168.0
2,83.0,169.0
2,82.0,170.0
2,82.0,171.0
2,82.0,172.0
2,81.0,173.0
2,81.0,174.0
2,81.0,175.0
2,80.0,176.0
2,80.0,177.0
2,80.0,178.0
2,79.0,179.0
2,79.0,180.0
2,79.0,181.0
2,78.0,182.0
2,78.0,183.0
2,78.0,184.0
2,77.0,185.0
2,77.0,186.0
2,77.0,187.0
2,77.0,188.0
2,76.0,189.0
2,76.0,190.0
2,76.0,191.0
2,75.0,192.0
2,75.0,193.0
2,75.0,194.0
2,74.0,195.0
2,74.0,196.0
2,74.0,197.0
2,74.0,198.0
2,73.0,199.0
2,73.0,200.0
2,73.0,201.0
2,72.0,202.0
2,72.0,203.0
2,72.0,204.0
2,72.0,205.0
2,71.0,206.0
2,71.0,207.0
2,71.0,208.0
2,71.0,209.0
2,70.0,210.0
2,70.0,211.0
2,70.0,212.0
2,70.0,213.0
2,69.0,214.0
2,69.0,215.0
2,69.0,216.0
2,68.0,217.0
2,68.0,218.0
2,68.0,219.0
2,68.0,220.0
2,68.0,221.0
2,67.0,222.0
2,67.0,223.0
2,67.0,224.0
2,67.0,225.0
2,66.0,226.0
2,66.0,227.0
2,66.0,228.0
2,66.0,229.0
2,65.0,230.0
2,65.0,231.0
2,65.0,232.0
2,65.0,233.0
2,65.0,234.0
2,64.0,235.0
2,64.0,236.0
2,64.0,237.0
2,64.0,238.0
2,63.0,239.0
2,63.0,240.0
2,63.0,241.0
2,63.0,242.0
2,63.0,243.0
2,62.0,244.0
2,62.0,245.0
2,62.0,246.0
2,62.0,247.0
2,62.0,248.0
2,61.0,249.0
2,61.0,250.0
2,61.0,251.0
2,61.0,252.0
2,61.0,253.0
2,61.0,254.0
2,60.0,255.0
2,60.0,256.0
2,60.0,257.0
2,60.0,258.0
2,60.0,259.0
2,59.0,260.0
2,59.0,261.0
2,59.0,262.0
2,59.0,263.0
2,59.0,264.0
2,59.0,265.0
2,59.0,266.0
2,58.0,267.0
2,58.0,268.0
2,58.0,269.0
2,58.0,270.0
2,58.0,271.0
2,58.0,272.0
2,57.0,273.0
2,57.0,274.0
2,57.0,275.0
2,57.0,276.0
2,57.0,277.0
2,57.0,278.0
2,57.0,279.0
2,57.0,280.0
2,56.0,281.0
2,56.0,282.0
2,56.0,283.0
2,56.0,284.0
2,56.0,285.0
2,56.0,286.0
2,56.0,287.0
2,56.0,288.0
2,56.0,289.0
2,55.0,290.0
2,55.0,291.0
2,55.0,292.0
2,55.0,293.0
2,55.0,294.0
2,55.0,295.0
2,55.0,296.0
2,55.0,297.0
2,55.0,298.0
2,55.0,299.0
2,55.0,300.0
2,55.0,301.0
2,55.0,302.0
2,54.0,303.0
2,54.0,304.0
2,54.0,305.0
2,54.0,306.0
2,54.0,307.0
2,54.0,308.0
2,54.0,309.0
2,54.0,310.0
2,54.0,311.0
2,54.0,312.0
2,54.0,313.0
2,54.0,314.0
2,54.0,315.0
2,54.0,316.0
2,54.0,317.0
2,54.0,318.0
2,54.0,319.0
2,54.0,320.0
2,54.0,321.0
2,54.0,322.0
2,54.0,323.0
2,54.0,324.0
2,54.0,325.0
2,54.0,326.0
2,54.0,327.0
2,54.0,328.0
2,54.0,329.0
2,54.0,330.0
2,54.0,331.0
2,54.0,332.0
2,54.0,333.0
2,54.0,334.0
2,54.0,335.0
2,54.0,336.0
2,54.0,337.0
2,54.0,338.0
2,55.0,339.0
2,55.0,340.0
2,55.0,341.0
2,55.0,342.0
2,55.0,343.0
2,55.0,344.0
2,55.0,345.0
2,55.0,346.0
2,55.0,347.0
2,55.0,348.0
2,56.0,349.0
2,56.0,350.0
2,56.0,351.0
2,56.0,352.0
2,56.0,353.0
2,56.0,354.0
2,56.0,355.0
2,57.0,356.0
2,57.0,357.0
2,57.0,358.0
2,57.0,359.0
2,57.0,360.0
2,58.0,361.0
2,58.0,362.0
2,58.0,363.0
2,58.0,364.0
2,58.0,365.0
2,59.0,366.0
2,59.0,367.0
2,59.0,368.0
2,59.0,369.0
2,60.0,370.0
2,60.0,371.0
2,60.0,372.0
2,60.0,373.0
2,61.0,374.0
2,61.0,375.0
2,61.0,376.0
2,62.0,377.0
2,62.0,378.0
2,62.0,379.0
2,63.0,380.0
2,63.0,381.0
2,63.0,382.0
2,64.0,383.0
2,64.0,384.0
2,64.0,385.0
2,65.0,386.0
2,65.0,387.0
2,66.0,388.0
2,66.0,389.0
2,67.0,390.0
2,67.0,391.0
2,67.0,392.0
2,68.0,393.0
2,68.0,394.0
2,69.0,395.0
2,69.0,396.0
2,70.0,397.0
2,71.0,398.0
2,71.0,399.0
2,72.0,400.0
2,72.0,401.0
2,73.0,402.0
2,74.0,403.0
2,74.0,404.0
2,75.0,405.0
2,76.0,406.0
2,76.0,407.0
2,77.0,408.0
2,78.0,409.0
2,79.0,410.0
2,79.0,411.0
2,80.0,412.0
2,81.0,413.0
2,82.0,414.0
2,83.0,415.0
2,84.0,416.0
2,85.0,417.0
2,86.0,418.0
2,87.0,419.0
2,88.0,420.0
2,89.0,421.0
2,89.0,422.0
2,90.0,423.0
2,91.0,424.0
2,92.0,425.0
2,93.0,426.0
2,94.0,427.0
2,95.0,428.0
2,96.0,429.0
2,97.0,430.0
2,98.0,431.0
2,99.0,432.0
2,100.0,433.0
2,101.0,434.0
2,102.0,435.0
2,103.0,436.0
2,104.0,437.0
2,105.0,437.0
2,106.0,438.0
2,107.0,439.0
2,108.0,440.0
2,109.0,441.0
2,110.0,441.0
2,111.0,442.0
2,112.0,443.0
2,113.0,444.0
2,114.0,444.0
2,115.0,445.0
2,116.0,446.0
2,117.0,446.0
2,118.0,447.0
2,119.0,448.0
2,120.0,448.0
2,121.0,449.0
2,122.0,450.0
2,123.0,450.0
2,124.0,451.0
2,125.0,452.0
2,126.0,452.0
2,127.0,453.0
2,128.0,453.0
2,129.0,454.0
2,130.0,455.0
2,131.0,455.0
2,132.0,456.0
2,133.0,456.0
2,134.0,457.0
2,135.0,457.0
2,136.0,458.0
2,137.0,458.0
2,136.0,458.0
2,135.0,458.0
2,134.0,458.0
2,133.0,458.0
2,132.0,458.0
2,131.0,458.0
2,130.0,458.0
2,129.0,458.0
2,128.0,458.0
2,127.0,457.0
2,126.0,457.0
2,125.0,456.0
2,124.0,456.0
2,123.0,455.0
2,122.0,454.0
2,121.0,454.0
2,120.0,453.0
2,119.0,452.0
2,118.0,452.0
2,117.0,451.0
2,116.0,450.0
2,115.0,450.0
2,114.0,449.0
2,113.0,448.0
2,112.0,448.0
2,111.0,447.0
2,110.0,446.0
2,109.0,446.0
2,108.0,445.0
2,107.0,444.0
2,106.0,443.0
2,105.0,442.0
2,104.0,442.0
2,103.0,441.0
2,102.0,440.0
2,101.0,439.0
2,100.0,438.0
2,99.0,437.0
2,98.0,437.0
2,97.0,436.0
2,96.0,435.0
2,95.0,434.0
2,94.0,433.0
2,93.0,432.0
2,92.0,431.0
2,91.0,430.0
2,90.0,429.0
2,90.0,428.0
2,89.0,427.0
2,88.0,426.0
2,87.0,425.0
2,86.0,424.0
2,85.0,423.0
2,85.0,422.0
2,84.0,421.0
2,83.0,421.0
2,82.0,420.0
2,81.0,419.0
2,81.0,418.0
2,80.0,417.0
2,79.0,416.0
2,78.0,415.0
2,77.0,414.0
2,76.0,413.0
2,75.0,412.0
2,75.0,411.0
2,74.0,410.0
2,73.0,409.0
2,72.0,408.0
2,72.0,407.0
2,71.0,406.0
2,70.0,405.0
2,70.0,404.0
2,69.0,403.0
2,69.0,402.0
2,68.0,401.0
2,67.0,400.0
2,67.0,399.0
2,66.0,398.0
2,66.0,397.0
2,65.0,396.0
2,65.0,395.0
2,64.0,394.0
2,64.0,393.0
2,63.0,392.0
2,63.0,391.0
2,63.0,390.0
2,62.0,389.0
2,62.0,388.0
2,61.0,387.0
2,61.0,386.0
2,61.0,385.0
2,60.0,384.0
2,60.0,383.0
2,59.0,382.0
2,59.0,381.0
2,59.0,380.0
2,58.0,379.0
2,58.0,378.0
2,58.0,377.0
2,58.0,376.0
2,57.0,375.0
2,57.0,374.0
2,57.0,373.0
2,56.0,372.0
2,56.0,371.0
2,56.0,370.0
2,56.0,369.0
2,55.0,368.0
2,55.0,367.0
2,55.0,366.0
2,55.0,365.0
2,55.0,364.0
2,54.0,363.0
2,54.0,362.0
2,54.0,361.0
2,54.0,360.0
2,54.0,359.0
2,54.0,358.0
2,53.0,357.0
2,53.0,356.0
2,53.0,355.0
2,53.0,354.0
2,53.0,353.0
2,53.0,352.0
2,52.0,351.0
2,52.0,350.0
2,52.0,349.0
2,52.0,348.0
2,52.0,347.0
2,52.0,346.0
2,52.0,345.0
2,52.0,344.0
2,52.0,343.0
2,51.0,342.0
2,51.0,341.0
2,51.0,340.0
2,51.0,339.0
2,51.0,338.0
2,51.0,337.0
2,51.0,336.0
2,51.0,335.0
2,51.0,334.0
2,51.0,333.0
2,51.0,332.0
2,51.0,331.0
2,51.0,330.0
2,51.0,329.0
2,51.0,328.0
2,51.0,327.0
2,51.0,326.0
2,51.0,325.0
2,51.0,324.0
2,51.0,323.0
2,51.0,322.0
2,51.0,321.0
2,51.0,320.0
2,51.0,319.0
2,51.0,318.0
2,51.0,317.0
2,51.0,316.0
2,51.0,315.0
2,51.0,314.0
2,51.0,313.0
2,51.0,312.0
2,51.0,311.0
2,51.0,310.0
2,51.0,309.0
2,51.0,308.0
2,51.0,307.0
2,51.0,306.0
2,51.0,305.0
2,51.0,304.0
2,51.0,303.0
2,51.0,302.0
2,51.0,301.0
2,51.0,300.0
2,51.0,299.0
2,51.0,298.0
3,128.0,245.0
3,129.0,244.0
3,129.0,243.0
3,129.0,242.0
3,129.0,241.0
3,129.0,240.0
3,130.0,239.0
3,130.0,238.0
3,130.0,237.0
3,130.0,236.0
3,131.0,235.0
3,131.0,234.0
3,131.0,233.0
3,131.0,232.0
3,132.0,231.0
3,132.0,230.0
3,132.0,229.0
3,132.0,228.0
3,133.0,227.0
3,133.0,226.0
3,133.0,225.0
3,134.0,224.0
3,134.0,223.0
3,134.0,222.0
3,135.0,221.0
3,135.0,220.0
3,135.0,219.0
3,136.0,218.0
3,136.0,217.0
3,137.0,216.0
3,137.0,215.0
3,137.0,214.0
3,138.0,213.0
3,138.0,212.0
3,138.0,211.0
3,139.0,210.0
3,139.0,209.0
3,140.0,208.0
3,140.0,207.0
3,140.0,206.0
3,141.0,205.0
3,141.0,204.0
3,142.0,203.0
3,142.0,202.0
3,143.0,201.0
3,143.0,200.0
3,143.0,199.0
3,144.0,198.0
3,144.0,197.0
3,145.0,196.0
3,145.0,195.0
3,146.0,194.0
3,146.0,193.0
3,147.0,192.0
3,147.0,191.0
3,148.0,190.0
3,148.0,189.0
3,148.0,188.0
3,149.0,187.0
3,149.0,186.0
3,150.0,185.0
3,150.0,184.0
3,151.0,183.0
3,151.0,182.0
3,152.0,181.0
3,152.0,180.0
3,153.0,179.0
3,153.0,178.0
3,154.0,177.0
3,154.0,176.0
3,155.0,175.0
3,155.0,174.0
3,156.0,173.0
3,156.0,172.0
3,157.0,171.0
3,157.0,170.0
3,158.0,169.0
3,158.0,168.0
3,159.0,167.0
3,159.0,166.0
3,160.0,165.0
3,161.0,164.0
3,161.0,163.0
3,162.0,162.0
3,162.0,161.0
3,163.0,160.0
3,163.0,159.0
3,164.0,158.0
3,164.0,157.0
3,165.0,156.0
3,165.0,155.0
3,166.0,154.0
3,166.0,153.0
3,167.0,152.0
3,168.0,151.0
3,168.0,150.0
3,169.0,149.0
3,169.0,148.0
3,170.0,147.0
3,170.0,146.0
3,171.0,145.0
3,172.0,144.0
3,172.0,143.0
3,173.0,142.0
3,173.0,141.0
3,174.0,140.0
3,174.0,139.0
3,175.0,138.0
3,176.0,137.0
3,176.0,136.0
3,177.0,135.0
3,177.0,134.0
3,178.0,133.0
3,178.0,132.0
3,179.0,131.0
3,180.0,130.0
3,180.0,129.0
3,181.0,128.0
3,181.0,127.0
3,182.0,126.0
3,183.0,125.0
3,183.0,124.0
3,184.0,123.0
3,184.0,122.0
3,185.0,121.0
3,186.0,120.0
3,186.0,119.0
3,187.0,118.0
3,188.0,117.0
3,188.0,116.0
3,189.0,115.0
3,189.0,114.0
3,190.0,113.0
3,191.0,112.0
3,191.0,111.0
3,192.0,110.0
3,192.0,109.0
3,193.0,108.0
3,194.0,107.0
3,194.0,106.0
3,195.0,105.0
3,196.0,104.0
3,196.0,103.0
3,197.0,102.0
3,197.0,101.0
3,198.0,100.0
3,199.0,99.0
3,199.0,98.0
3,200.0,97.0
3,201.0,96.0
3,201.0,95.0
3,202.0,94.0
3,203.0,93.0
3,203.0,92.0
3,204.0,91.0
3,205.0,90.0
3,205.0,89.0
3,206.0,88.0
3,207.0,87.0
3,207.0,86.0
3,208.0,85.0
3,208.0,84.0
3,209.0,83.0
3,210.0,82.0
3,210.0,81.0
3,211.0,80.0
3,212.0,79.0
3,212.0,78.0
3,213.0,77.0
3,214.0,76.0
3,214.0,75.0
3,215.0,74.0
3,216.0,73.0
3,216.0,72.0
3,217.0,71.0
3,218.0,70.0
3,218.0,69.0
3,219.0,68.0
3,220.0,67.0
3,220.0,66.0
3,221.0,65.0
3,222.0,64.0
3,223.0,63.0
3,223.0,62.0
3,224.0,61.0
3,225.0,60.0
3,226.0,59.0
3,227.0,58.0
3,227.0,57.0
3,228.0,56.0
3,229.0,55.0
3,230.0,54.0
3,231.0,53.0
3,232.0,52.0
3,233.0,51.0
3,234.0,50.0
3,235.0,49.0
3,236.0,48.0
3,237.0,47.0
3,238.0,46.0
3,239.0,46.0
3,240.0,45.0
3,241.0,44.0
3,242.0,43.0
3,243.0,43.0
3,244.0,42.0
3,245.0,41.0
3,246.0,41.0
3,247.0,40.0
3,248.0,40.0
3,249.0,39.0
3,250.0,38.0
3,251.0,38.0
3,252.0,37.0
3,253.0,37.0
3,254.0,37.0
3,255.0,36.0
3,256.0,36.0
3,257.0,35.0
3,258.0,35.0
3,259.0,35.0
3,260.0,34.0
3,261.0,34.0
3,262.0,34.0
3,263.0,34.0
3,264.0,33.0
3,265.0,33.0
3,266.0,33.0
3,267.0,33.0
3,268.0,33.0
3,269.0,33.0
3,270.0,33.0
3,271.0,33.0
3,272.0,33.0
3,273.0,33.0
3,274.0,33.0
3,275.0,33.0
3,276.0,33.0
3,277.0,33.0
3,278.0,33.0
3,279.0,33.0
3,280.0,33.0
3,281.0,33.0
3,282.0,33.0
3,283.0,33.0
3,284.0,33.0
3,285.0,34.0
3,286.0,34.0
3,287.0,34.0
3,288.0,34.0
3,289.0,35.0
3,290.0,35.0
3,291.0,35.0
3,292.0,36.0
3,293.0,36.0
3,294.0,36.0
3,295.0,37.0
3,296.0,37.0
3,297.0,38.0
3,298.0,38.0
3,299.0,39.0
3,300.0,39.0
3,301.0,40.0
3,302.0,41.0
3,303.0,41.0
3,304.0,42.0
3,305.0,42.0
3,306.0,43.0
3,307.0,43.0
3,308.0,44.0
3,309.0,44.0
3,310.0,45.0
3,311.0,45.0
3,312.0,46.0
3,313.0,46.0
3,314.0,47.0
3,315.0,47.0
3,316.0,48.0
3,317.0,48.0
3,318.0,49.0
3,319.0,49.0
3,320.0,50.0
3,321.0,50.0
3,322.0,51.0
3,323.0,51.0
3,324.0,52.0
3,325.0,52.0
3,326.0,52.0
3,327.0,53.0
3,328.0,53.0
3,329.0,53.0
3,330.0,54.0
3,331.0,54.0
3,332.0,55.0
3,333.0,55.0
3,334.0,55.0
3,335.0,55.0
3,336.0,56.0
3,337.0,56.0
3,338.0,56.0
3,339.0,56.0
3,340.0,57.0
3,341.0,57.0
3,342.0,57.0
3,343.0,57.0
3,344.0,57.0
3,345.0,58.0
3,346.0,58.0
3,347.0,58.0
3,348.0,58.0
3,349.0,58.0
3,350.0,58.0
3,351.0,58.0
3,352.0,58.0
3,353.0,58.0
3,354.0,58.0
3,355.0,58.0
3,356.0,58.0
3,357.0,58.0
3,358.0,58.0
3,359.0,58.0
3,360.0,58.0
3,361.0,58.0
3,362.0,57.0
3,363.0,57.0
3,364.0,57.0
3,365.0,57.0
3,366.0,57.0
3,367.0,56.0
3,368.0,56.0
3,369.0,56.0
3,370.0,55.0
3,371.0,55.0
3,372.0,55.0
3,373.0,54.0
3,374.0,54.0
3,375.0,54.0
3,376.0,53.0
3,377.0,53.0
3,378.0,52.0
3,379.0,52.0
3,380.0,51.0
3,381.0,51.0
3,382.0,50.0
3,383.0,50.0
3,384.0,49.0
3,385.0,49.0
3,386.0,48.0
3,387.0,48.0
3,388.0,47.0
3,389.0,46.0
3,390.0,46.0
3,391.0,45.0
3,392.0,44.0
3,393.0,44.0
3,394.0,43.0
3,395.0,42.0
3,396.0,42.0
3,397.0,41.0
3,398.0,40.0
3,399.0,40.0
3,400.0,39.0
3,401.0,39.0
3,402.0,38.0
3,403.0,38.0
3,404.0,37.0
3,405.0,37.0
3,406.0,36.0
3,407.0,36.0
3,408.0,36.0
3,409.0,35.0
3,410.0,35.0
3,411.0,34.0
3,412.0,34.0
3,413.0,34.0
3,414.0,33.0
3,415.0,33.0
3,416.0,33.0
3,417.0,32.0
3,418.0,32.0
3,419.0,32.0
3,420.0,31.0
3,421.0,31.0
3,422.0,31.0
3,423.0,31.0
3,424.0,30.0
3,425.0,30.0
3,426.0,30.0
3,427.0,30.0
3,428.0,30.0
3,429.0,30.0
3,430.0,29.0
3,431.0,29.0
3,432.0,29.0
3,433.0,29.0
3,434.0,29.0
3,435.0,29.0
3,436.0,29.0
3,437.0,29.0
3,438.0,29.0
3,439.0,29.0
3,440.0,28.0
3,441.0,28.0
3,442.0,28.0
3,443.0,28.0
3,444.0,28.0
3,445.0,28.0
3,446.0,28.0
3,447.0,28.0
3,448.0,28.0
3,449.0,28.0
3,450.0,28.0
3,451.0,28.0
3,452.0,28.0
3,453.0,29.0
3,454.0,29.0
3,455.0,29.0
3,456.0,29.0
3,457.0,29.0
3,458.0,29.0
3,459.0,29.0
3,460.0,29.0
3,461.0,29.0
3,462.0,29.0
3,463.0,30.0
3,464.0,30.0
3,465.0,30.0
3,466.0,30.0
3,467.0,30.0
3,468.0,30.0
3,469.0,31.0
3,470.0,31.0
3,471.0,31.0
3,472.0,31.0
3,473.0,31.0
3,474.0,32.0
3,475.0,32.0
3,476.0,32.0
3,477.0,33.0
3,478.0,33.0
3,479.0,33.0
3,480.0,33.0
3,481.0,34.0
3,482.0,34.0
3,483.0,35.0
3,484.0,35.0
3,485.0,35.0
3,486.0,36.0
3,487.0,36.0
3,488.0,37.0
3,489.0,37.0
3,490.0,37.0
3,491.0,38.0
3,492.0,38.0
3,493.0,39.0
3,494.0,40.0
3,495.0,40.0
3,496.0,41.0
3,497.0,42.0
3,498.0,42.0
3,499.0,43.0
3,500.0,43.0
3,501.0,44.0
3,502.0,44.0
3,503.0,44.0
3,504.0,45.0
3,505.0,45.0
3,506.0,45.0
3,507.0,46.0
3,508.0,46.0
3,509.0,46.0
3,510.0,46.0
3,511.0,47.0
3,512.0,47.0
3,513.0,47.0
3,514.0,47.0
3,515.0,47.0
3,516.0,48.0
3,517.0,48.0
3,518.0,48.0
3,519.0,48.0
3,520.0,48.0
3,521.0,48.0
3,522.0,48.0
3,523.0,48.0
3,524.0,48.0
3,525.0,48.0
3,526.0,48.0
3,527.0,48.0
3,528.0,49.0
3,529.0,49.0
3,530.0,49.0
3,531.0,49.0
3,532.0,49.0
3,533.0,49.0
3,534.0,49.0
3,535.0,49.0
3,536.0,49.0
3,537.0,49.0
3,538.0,49.0
3,539.0,49.0
3,540.0,49.0
3,541.0,49.0
3,542.0,49.0
3,543.0,49.0
3,544.0,49.0
3,545.0,49.0
3,546.0,49.0
3,547.0,49.0
3,548.0,49.0
3,549.0,49.0
3,550.0,49.0
3,551.0,49.0
3,552.0,49.0
3,553.0,49.0
3,554.0,49.0
3,555.0,49.0
3,556.0,49.0
3,557.0,49.0
3,558.0,49.0
3,559.0,49.0
3,560.0,49.0
3,561.0,49.0
3,562.0,49.0
3,563.0,49.0
3,564.0,49.0
3,565.0,49.0
3,566.0,49.0
3,567.0,49.0
3,568.0,49.0
3,569.0,49.0
3,570.0,49.0
3,571.0,49.0
3,572.0,49.0
3,573.0,49.0
3,574.0,49.0
3,575.0,49.0
3,576.0,49.0
3,577.0,49.0
3,578.0,49.0
3,579.0,49.0
3,580.0,49.0
3,581.0,49.0
3,582.0,49.0
3,583.0,49.0
3,584.0,49.0
3,585.0,49.0
3,586.0,49.0
3,587.0,49.0
3,588.0,49.0
3,589.0,49.0
3,590.0,50.0
3,591.0,50.0
3,592.0,50.0
3,593.0,50.0
3,594.0,50.0
3,595.0,50.0
3,596.0,50.0
3,597.0,50.0
3,598.0,50.0
3,599.0,50.0
3,600.0,51.0
3,601.0,51.0
3,602.0,51.0
3,603.0,51.0
3,604.0,51.0
3,605.0,51.0
3,606.0,52.0
3,607.0,52.0
3,608.0,52.0
3,609.0,52.0
3,610.0,53.0
3,611.0,53.0
3,612.0,53.0
3,613.0,53.0
3,614.0,54.0
3,615.0,54.0
3,616.0,54.0
3,617.0,55.0
3,618.0,55.0
3,619.0,55.0
3,620.0,56.0
3,621.0,56.0
3,622.0,56.0
3,623.0,57.0
3,624.0,57.0
3,625.0,58.0
3,626.0,58.0
3,627.0,58.0
3,628.0,59.0
3,629.0,59.0
3,630.0,60.0
3,631.0,60.0
3,632.0,61.0
3,633.0,61.0
3,634.0,62.0
3,635.0,63.0
3,636.0,63.0
3,637.0,64.0
3,638.0,64.0
3,639.0,65.0
3,640.0,66.0
3,641.0,66.0
3,642.0,67.0
3,643.0,68.0
3,644.0,68.0
3,645.0,69.0
3,646.0,70.0
3,647.0,71.0
3,648.0,71.0
3,649.0,72.0
3,650.0,73.0
3,651.0,74.0
3,652.0,75.0
3,653.0,75.0
3,654.0,76.0
3,655.0,77.0
3,656.0,78.0
3,657.0,79.0
3,658.0,80.0
3,659.0,81.0
3,660.0,82.0
3,661.0,82.0
3,662.0,83.0
3,663.0,84.0
3,664.0,85.0
3,665.0,86.0
3,666.0,87.0
3,667.0,88.0
3,668.0,89.0
3,669.0,90.0
3,670.0,91.0
3,671.0,92.0
3,672.0,93.0
3,673.0,94.0
3,673.0,95.0
3,674.0,96.0
3,675.0,97.0
3,676.0,98.0
3,677.0,99.0
3,677.0,100.0
3,678.0,101.0
3,678.0,102.0
3,679.0,103.0
3,680.0,104.0
3,680.0,105.0
3,681.0,106.0
3,681.0,107.0
3,682.0,108.0
3,682.0,109.0
3,682.0,110.0
3,683.0,111.0
3,683.0,112.0
3,684.0,113.0
3,684.0,114.0
3,684.0,115.0
3,684.0,116.0
3,685.0,117.0
3,685.0,118.0
3,685.0,119.0
3,685.0,120.0
3,686.0,121.0
3,686.0,122.0
3,686.0,123.0
3,686.0,124.0
3,686.0,125.0
3,686.0,126.0
3,686.0,127.0
3,686.0,128.0
3,686.0,129.0
3,686.0,130.0
3,686.0,131.0
3,686.0,132.0
3,686.0,133.0
3,686.0,134.0
3,686.0,135.0
3,686.0,136.0
3,686.0,137.0
3,686.0,138.0
3,686.0,139.0
3,686.0,140.0
3,686.0,141.0
3,685.0,142.0
3,685.0,143.0
3,685.0,144.0
3,685.0,145.0
3,685.0,146.0
3,684.0,147.0
3,684.0,148.0
3,684.0,149.0
3,684.0,150.0
3,683.0,151.0
3,683.0,152.0
3,683.0,153.0
3,682.0,154.0
3,682.0,155.0
3,682.0,156.0
3,681.0,157.0
3,681.0,158.0
3,680.0,159.0
3,680.0,160.0
3,680.0,161.0
3,679.0,162.0
3,679.0,163.0
3,678.0,164.0
3,678.0,165.0
3,677.0,166.0
3,677.0,167.0
3,676.0,168.0
3,675.0,169.0
3,675.0,170.0
3,674.0,171.0
3,673.0,172.0
3,673.0,173.0
3,672.0,174.0
3,671.0,175.0
3,670.0,176.0
3,669.0,177.0
3,668.0,178.0
3,668.0,179.0
3,667.0,180.0
3,666.0,181.0
3,666.0,182.0
3,665.0,183.0
3,664.0,184.0
3,664.0,185.0
3,663.0,186.0
3,663.0,187.0
3,662.0,188.0
3,661.0,189.0
3,661.0,190.0
3,661.0,191.0
3,660.0,192.0
3,660.0,193.0
3,659.0,194.0
3,659.0,195.0
3,658.0,196.0
3,658.0,197.0
3,657.0,198.0
3,657.0,199.0
3,657.0,200.0
3,656.0,201.0
3,656.0,202.0
3,655.0,203.0
3,655.0,204.0
3,655.0,205.0
3,654.0,206.0
3,654.0,207.0
3,654.0,208.0
3,653.0,209.0
3,653.0,210.0
3,653.0,211.0
3,652.0,212.0
3,652.0,213.0
3,652.0,214.0
3,651.0,215.0
3,651.0,216.0
3,651.0,217.0
3,650.0,218.0
3,650.0,219.0
3,650.0,220.0
3,650.0,221.0
3,649.0,222.0
3,649.0,223.0
3,649.0,224.0
3,648.0,225.0
3,648.0,226.0
3,648.0,227.0
3,648.0,228.0
3,647.0,229.0
3,647.0,230.0
3,647.0,231.0
3,647.0,232.0
3,646.0,233.0
3,646.0,234.0
3,646.0,235.0
3,645.0,236.0
3,645.0,237.0
3,645.0,238.0
3,644.0,239.0
3,644.0,240.0
3,643.0,241.0
3,643.0,242.0
3,643.0,243.0
3,642.0,244.0
3,642.0,245.0
3,641.0,246.0
3,641.0,247.0
3,640.0,248.0
3,640.0,249.0
3,639.0,250.0
3,639.0,251.0
3,638.0,252.0
3,638.0,253.0
3,637.0,254.0
3,637.0,255.0
3,636.0,256.0
3,636.0,257.0
3,635.0,258.0
3,634.0,259.0
3,634.0,260.0
3,634.0,261.0
3,633.0,262.0
3,632.0,263.0
3,632.0,264.0
3,631.0,265.0
3,631.0,266.0
3,630.0,267.0
3,630.0,268.0
3,629.0,269.0
3,628.0,270.0
3,628.0,271.0
3,627.0,272.0
3,627.0,273.0
3,626.0,274.0
3,626.0,275.0
3,625.0,276.0
3,624.0,277.0
3,624.0,278.0
3,623.0,279.0
3,623.0,280.0
3,622.0,281.0
3,621.0,282.0
3,621.0,283.0
3,620.0,284.0
3,620.0,285.0
3,619.0,286.0
3,618.0,287.0
3,618.0,288.0
3,617.0,289.0
3,616.0,290.0
3,616.0,291.0
3,615.0,292.0
3,615.0,293.0
3,614.0,294.0
3,613.0,295.0
3,613.0,296.0
3,612.0,297.0
3,611.0,298.0
3,611.0,299.0
3,610.0,300.0
3,609.0,301.0
3,609.0,302.0
3,608.0,303.0
3,608.0,304.0
3,607.0,305.0
3,606.0,306.0
3,606.0,307.0
3,605.0,308.0
3,604.0,309.0
3,604.0,310.0
3,603.0,311.0
3,602.0,312.0
3,602.0,313.0
3,601.0,314.0
3,600.0,315.0
3,600.0,316.0
3,599.0,317.0
3,598.0,318.0
3,598.0,319.0
3,597.0,320.0
3,596.0,321.0
3,596.0,322.0
3,595.0,323.0
3,594.0,324.0
3,594.0,325.0
3,593.0,326.0
3,592.0,327.0
3,592.0,328.0
3,591.0,329.0
3,591.0,330.0
3,590.0,331.0
3,590.0,332.0
3,589.0,333.0
3,589.0,334.0
3,588.0,335.0
3,588.0,336.0
3,587.0,337.0
3,587.0,338.0
3,586.0,339.0
3,586.0,340.0
3,585.0,341.0
3,585.0,342.0
3,584.0,343.0
3,584.0,344.0
3,583.0,345.0
3,582.0,346.0
3,582.0,347.0
3,581.0,348.0
3,580.0,349.0
3,580.0,350.0
3,579.0,351.0
3,578.0,352.0
3,577.0,353.0
3,576.0,354.0
3,576.0,355.0
3,575.0,356.0
3,574.0,357.0
3,573.0,358.0
3,572.0,359.0
3,571.0,360.0
3,570.0,361.0
3,569.0,362.0
3,568.0,362.0
3,567.0,363.0
3,566.0,364.0
3,565.0,365.0
3,564.0,365.0
3,563.0,366.0
3,562.0,367.0
3,561.0,367.0
3,560.0,368.0
3,559.0,368.0
3,558.0,369.0
3,557.0,369.0
3,556.0,370.0
3,555.0,370.0
3,554.0,370.0
3,553.0,371.0
3,552.0,371.0
3,551.0,371.0
3,550.0,372.0
3,549.0,372.0
3,548.0,372.0
3,547.0,373.0
3,546.0,373.0
3,545.0,373.0
3,544.0,373.0
3,543.0,373.0
3,542.0,374.0
3,541.0,374.0
3,540.0,374.0
3,539.0,374.0
3,538.0,374.0
3,537.0,374.0
3,536.0,374.0
3,535.0,374.0
3,534.0,374.0
3,533.0,374.0
3,532.0,374.0
3,531.0,374.0
3,530.0,374.0
3,529.0,374.0
3,528.0,374.0
3,527.0,374.0
3,526.0,374.0
3,525.0,374.0
3,524.0,374.0
3,523.0,374.0
3,522.0,374.0
3,521.0,374.0
3,520.0,374.0
3,519.0,374.0
3,518.0,374.0
3,517.0,374.0
3,516.0,373.0
3,515.0,373.0
3,514.0,373.0
3,513.0,373.0
3,512.0,373.0
3,511.0,373.0
3,510.0,373.0
3,509.0,373.0
3,508.0,372.0
3,507.0,372.0
3,506.0,372.0
3,505.0,372.0
3,504.0,372.0
3,503.0,372.0
3,502.0,372.0
3,501.0,371.0
3,500.0,371.0
3,499.0,371.0
3,498.0,371.0
3,497.0,371.0
3,496.0,371.0
3,495.0,370.0
3,494.0,370.0
3,493.0,370.0
3,492.0,370.0
3,491.0,370.0
3,490.0,370.0
3,489.0,369.0
3,488.0,369.0
3,487.0,369.0
3,486.0,369.0
3,485.0,369.0
3,484.0,369.0
3,483.0,368.0
3,482.0,368.0
3,481.0,368.0
3,480.0,368.0
3,479.0,368.0
3,478.0,368.0
3,477.0,367.0
3,476.0,367.0
3,475.0,367.0
3,474.0,367.0
3,473.0,367.0
3,472.0,367.0
3,471.0,366.0
3,470.0,366.0
3,469.0,366.0
3,468.0,366.0
3,467.0,366.0
3,466.0,366.0
3,465.0,365.0
3,464.0,365.0
3,463.0,365.0
3,462.0,365.0
3,461.0,365.0
3,460.0,365.0
3,459.0,364.0
3,458.0,364.0
3,457.0,364.0
3,456.0,364.0
3,455.0,364.0
3,454.0,364.0
3,453.0,364.0
3,452.0,363.0
3,451.0,363.0
3,450.0,363.0
3,449.0,363.0
3,448.0,363.0
3,447.0,363.0
3,446.0,363.0
3,445.0,363.0
3,444.0,362.0
3,443.0,362.0
3,442.0,362.0
3,441.0,362.0
3,440.0,362.0
3,439.0,362.0
3,438.0,362.0
3,437.0,362.0
3,436.0,362.0
3,435.0,362.0
3,434.0,362.0
3,433.0,361.0
3,432.0,361.0
3,431.0,361.0
3,430.0,361.0
3,429.0,361.0
3,428.0,361.0
3,427.0,361.0
3,426.0,361.0
3,425.0,362.0
3,424.0,362.0
3,423.0,362.0
3,422.0,362.0
3,421.0,362.0
3,420.0,362.0
3,419.0,362.0
3,418.0,362.0
3,417.0,362.0
3,416.0,363.0
3,415.0,363.0
3,414.0,363.0
3,413.0,363.0
3,412.0,363.0
3,411.0,364.0
3,410.0,364.0
3,409.0,364.0
3,408.0,365.0
3,407.0,365.0
3,406.0,366.0
3,405.0,366.0
3,404.0,366.0
3,403.0,367.0
3,402.0,367.0
3,401.0,368.0
3,400.0,368.0
3,399.0,369.0
3,398.0,369.0
3,397.0,370.0
3,396.0,370.0
3,395.0,371.0
3,394.0,372.0
3,393.0,372.0
3,392.0,373.0
3,391.0,374.0
3,390.0,374.0
3,389.0,375.0
3,388.0,376.0
3,387.0,376.0
3,386.0,377.0
3,385.0,378.0
3,384.0,379.0
3,383.0,379.0
3,382.0,380.0
3,381.0,381.0
3,380.0,382.0
3,379.0,382.0
3,378.0,383.0
3,377.0,384.0
3,376.0,385.0
3,375.0,386.0
3,374.0,387.0
3,373.0,387.0
3,372.0,388.0
3,371.0,389.0
3,370.0,390.0
3,369.0,391.0
3,368.0,391.0
3,367.0,392.0
3,367.0,393.0
3,366.0,393.0
3,365.0,394.0
3,364.0,395.0
3,363.0,396.0
3,362.0,397.0
3,361.0,398.0
3,360.0,398.0
3,359.0,399.0
3,358.0,400.0
3,357.0,401.0
3,356.0,402.0
3,355.0,402.0
3,354.0,403.0
3,353.0,404.0
3,352.0,404.0
3,351.0,405.0
3,350.0,406.0
3,349.0,406.0
3,348.0,407.0
3,347.0,408.0
3,346.0,408.0
3,345.0,409.0
3,344.0,409.0
3,343.0,410.0
3,342.0,410.0
3,341.0,411.0
3,340.0,411.0
3,339.0,412.0
3,338.0,412.0
3,337.0,413.0
3,336.0,413.0
3,335.0,413.0
3,334.0,414.0
3,333.0,414.0
3,332.0,415.0
3,331.0,415.0
3,330.0,415.0
3,329.0,415.0
3,328.0,416.0
3,327.0,416.0
3,326.0,416.0
3,325.0,416.0
3,324.0,417.0
3,323.0,417.0
3,322.0,417.0
3,321.0,417.0
3,320.0,417.0
3,319.0,417.0
3,318.0,417.0
3,317.0,417.0
3,316.0,417.0
3,315.0,417.0
3,314.0,417.0
3,313.0,417.0
3,312.0,417.0
3,311.0,417.0
3,310.0,417.0
3,309.0,416.0
3,308.0,416.0
3,307.0,416.0
3,306.0,416.0
3,305.0,415.0
3,304.0,415.0
3,303.0,415.0
3,302.0,414.0
3,301.0,414.0
3,300.0,414.0
3,299.0,413.0
3,298.0,413.0
3,297.0,412.0
3,296.0,412.0
3,295.0,411.0
3,294.0,411.0
3,293.0,410.0
3,292.0,410.0
3,291.0,409.0
3,290.0,409.0
3,289.0,408.0
3,288.0,408.0
3,287.0,407.0
3,286.0,406.0
3,285.0,406.0
3,284.0,405.0
3,283.0,405.0
3,282.0,405.0
3,281.0,404.0
3,280.0,404.0
3,279.0,403.0
3,278.0,403.0
3,277.0,403.0
3,276.0,403.0
3,275.0,402.0
3,274.0,402.0
3,273.0,402.0
3,272.0,401.0
3,271.0,401.0
3,270.0,401.0
3,269.0,401.0
3,268.0,400.0
3,267.0,400.0
3,266.0,400.0
3,265.0,400.0
3,264.0,400.0
3,263.0,399.0
3,262.0,399.0
3,261.0,399.0
3,260.0,399.0
3,259.0,399.0
3,258.0,398.0
3,257.0,398.0
3,256.0,398.0
3,255.0,398.0
3,254.0,398.0
3,253.0,398.0
3,252.0,397.0
3,251.0,397.0
3,250.0,397.0
3,249.0,397.0
3,248.0,397.0
3,247.0,397.0
3,246.0,397.0
3,245.0,396.0
3,244.0,396.0
3,243.0,396.0
3,242.0,396.0
3,241.0,396.0
3,240.0,396.0
3,239.0,396.0
3,238.0,395.0
3,237.0,395.0
3,236.0,395.0
3,235.0,395.0
3,234.0,395.0
3,233.0,395.0
3,232.0,395.0
3,231.0,395.0
3,230.0,394.0
3,229.0,394.0
3,228.0,394.0
3,227.0,394.0
3,226.0,394.0
3,225.0,394.0
3,224.0,394.0
3,223.0,394.0
3,222.0,394.0
3,221.0,394.0
3,220.0,393.0
3,219.0,393.0
3,218.0,393.0
3,217.0,393.0
3,216.0,393.0
3,215.0,393.0
3,214.0,393.0
3,213.0,393.0
3,212.0,393.0
3,211.0,393.0
3,210.0,393.0
3,209.0,393.0
3,208.0,393.0
3,207.0,392.0
3,206.0,392.0
3,205.0,392.0
3,204.0,392.0
3,203.0,392.0
3,202.0,392.0
3,201.0,392.0
3,200.0,392.0
3,199.0,392.0
3,198.0,392.0
3,197.0,392.0
3,196.0,392.0
3,195.0,392.0
3,194.0,392.0
3,193.0,392.0
3,192.0,392.0
3,191.0,392.0
3,190.0,392.0
3,189.0,392.0
3,188.0,392.0
3,187.0,391.0
3,186.0,391.0
3,185.0,391.0
3,184.0,391.0
3,183.0,391.0
3,182.0,391.0
3,181.0,391.0
3,180.0,391.0
3,179.0,391.0
3,178.0,391.0
3,177.0,391.0
3,176.0,390.0
3,175.0,390.0
3,174.0,390.0
3,173.0,390.0
3,172.0,389.0
3,171.0,389.0
3,170.0,389.0
3,169.0,388.0
3,168.0,388.0
3,167.0,388.0
3,166.0,387.0
3,165.0,387.0
3,164.0,386.0
3,163.0,385.0
3,162.0,385.0
3,161.0,384.0
3,160.0,383.0
3,159.0,383.0
3,158.0,382.0
3,157.0,381.0
3,156.0,380.0
3,155.0,379.0
3,154.0,378.0
3,153.0,377.0
3,152.0,376.0
3,151.0,375.0
3,151.0,374.0
3,150.0,373.0
3,149.0,372.0
3,149.0,371.0
3,148.0,370.0
3,147.0,369.0
3,147.0,368.0
3,146.0,367.0
3,146.0,366.0
3,145.0,365.0
3,145.0,364.0
3,144.0,363.0
3,144.0,362.0
3,143.0,361.0
3,143.0,360.0
3,142.0,359.0
3,142.0,358.0
3,141.0,357.0
3,141.0,356.0
3,140.0,355.0
3,140.0,354.0
3,140.0,353.0
3,139.0,352.0
3,139.0,351.0
3,139.0,350.0
3,138.0,349.0
3,138.0,348.0
3,138.0,347.0
3,137.0,346.0
3,137.0,345.0
3,137.0,344.0
3,137.0,343.0
3,136.0,342.0
3,136.0,341.0
3,136.0,340.0
3,135.0,339.0
3,135.0,338.0
3,135.0,337.0
3,135.0,336.0
3,135.0,335.0
3,134.0,334.0
3,134.0,333.0
3,134.0,332.0
3,134.0,331.0
3,133.0,330.0
3,133.0,329.0
3,133.0,328.0
3,133.0,327.0
3,133.0,326.0
3,133.0,325.0
3,132.0,324.0
3,132.0,323.0
3,132.0,322.0
3,132.0,321.0
3,132.0,320.0
3,132.0,319.0
3,131.0,318.0
3,131.0,317.0
3,131.0,316.0
3,131.0,315.0
3,131.0,314.0
3,131.0,313.0
3,131.0,312.0
3,131.0,311.0
3,130.0,310.0
3,130.0,309.0
3,130.0,308.0
3,130.0,307.0
3,130.0,306.0
3,130.0,305.0
3,130.0,304.0
3,130.0,303.0
3,130.0,302.0
3,130.0,301.0
3,129.0,300.0
3,129.0,299.0
3,129.0,298.0
3,129.0,297.0
3,129.0,296.0
3,129.0,295.0
3,129.0,294.0
3,129.0,293.0
3,129.0,292.0
3,129.0,291.0
3,129.0,290.0
3,129.0,289.0
3,129.0,288.0
3,129.0,287.0
3,128.0,286.0
3,128.0,285.0
3,128.0,284.0
3,128.0,283.0
3,128.0,282.0
3,128.0,281.0
3,128.0,280.0
3,128.0,279.0
3,128.0,278.0
3,128.0,277.0
3,128.0,276.0
3,128.0,275.0
3,128.0,274.0
3,128.0,273.0
3,128.0,272.0
3,128.0,271.0
3,128.0,270.0
3,128.0,269.0
3,128.0,268.0
3,128.0,267.0
3,128.0,266.0
3,128.0,265.0
3,128.0,264.0
3,128.0,263.0
3,128.0,262.0
3,128.0,261.0
3,128.0,260.0
3,128.0,259.0
3,128.0,258.0
3,128.0,257.0
3,128.0,256.0
3,128.0,255.0
3,128.0,254.0
3,128.0,253.0
3,128.0,252.0
3,128.0,251.0
3,128.0,250.0
3,128.0,249.0
3,128.0,248.0
3,128.0,247.0
3,128.0,246.0
3,128.0,245.0
4,244.0,228.0
4,245.0,227.0
4,245.0,226.0
4,245.0,225.0
4,245.0,224.0
4,245.0,223.0
4,245.0,222.0
4,245.0,221.0
4,245.0,220.0
4,245.0,219.0
4,245.0,218.0
4,245.0,217.0
4,245.0,216.0
4,245.0,215.0
4,245.0,214.0
4,245.0,213.0
4,245.0,212.0
4,246.0,211.0
4,246.0,210.0
4,246.0,209.0
4,246.0,208.0
4,246.0,207.0
4,246.0,206.0
4,247.0,205.0
4,247.0,204.0
4,247.0,203.0
4,247.0,202.0
4,248.0,201.0
4,248.0,200.0
4,248.0,199.0
4,248.0,198.0
4,249.0,197.0
4,249.0,196.0
4,249.0,195.0
4,249.0,194.0
4,250.0,193.0
4,250.0,192.0
4,250.0,191.0
4,251.0,190.0
4,251.0,189.0
4,251.0,188.0
4,252.0,187.0
4,252.0,186.0
4,252.0,185.0
4,253.0,184.0
4,253.0,183.0
4,253.0,182.0
4,254.0,181.0
4,254.0,180.0
4,254.0,179.0
4,255.0,178.0
4,255.0,177.0
4,256.0,176.0
4,256.0,175.0
4,256.0,174.0
4,257.0,173.0
4,257.0,172.0
4,258.0,171.0
4,258.0,170.0
4,259.0,169.0
4,259.0,168.0
4,259.0,167.0
4,260.0,166.0
4,260.0,165.0
4,261.0,164.0
4,261.0,163.0
4,262.0,162.0
4,262.0,161.0
4,263.0,160.0
4,263.0,159.0
4,264.0,158.0
4,264.0,157.0
4,265.0,156.0
4,265.0,155.0
4,266.0,154.0
4,266.0,153.0
4,267.0,152.0
4,267.0,151.0
4,268.0,150.0
4,268.0,149.0
4,269.0,148.0
4,269.0,147.0
4,270.0,146.0
4,270.0,145.0
4,271.0,144.0
4,271.0,143.0
4,272.0,142.0
4,273.0,141.0
4,273.0,140.0
4,274.0,139.0
4,274.0,138.0
4,275.0,137.0
4,275.0,136.0
4,276.0,135.0
4,277.0,134.0
4,277.0,133.0
4,278.0,132.0
4,278.0,131.0
4,279.0,130.0
4,280.0,129.0
4,280.0,128.0
4,281.0,127.0
4,281.0,126.0
4,282.0,125.0
4,283.0,124.0
4,283.0,123.0
4,284.0,122.0
4,285.0,121.0
4,285.0,120.0
4,286.0,119.0
4,287.0,118.0
4,287.0,117.0
4,288.0,116.0
4,289.0,115.0
4,289.0,114.0
4,290.0,113.0
4,291.0,112.0
4,291.0,111.0
4,292.0,110.0
4,293.0,109.0
4,294.0,108.0
4,295.0,107.0
4,296.0,106.0
4,296.0,105.0
4,297.0,104.0
4,298.0,104.0
4,299.0,103.0
4,300.0,102.0
4,301.0,101.0
4,302.0,100.0
4,303.0,99.0
4,304.0,98.0
4,305.0,98.0
4,306.0,97.0
4,307.0,96.0
4,308.0,95.0
4,309.0,95.0
4,310.0,94.0
4,311.0,94.0
4,312.0,93.0
4,313.0,92.0
4,314.0,92.0
4,315.0,91.0
4,316.0,91.0
4,317.0,90.0
4,318.0,90.0
4,319.0,89.0
4,320.0,89.0
4,321.0,89.0
4,322.0,88.0
4,323.0,88.0
4,324.0,87.0
4,325.0,87.0
4,326.0,87.0
4,327.0,86.0
4,328.0,86.0
4,329.0,86.0
4,330.0,85.0
4,331.0,85.0
4,332.0,85.0
4,333.0,85.0
4,334.0,84.0
4,335.0,84.0
4,336.0,84.0
4,337.0,84.0
4,338.0,83.0
4,339.0,83.0
4,340.0,83.0
4,341.0,83.0
4,342.0,83.0
4,343.0,83.0
4,344.0,82.0
4,345.0,82.0
4,346.0,82.0
4,347.0,82.0
4,348.0,82.0
4,349.0,82.0
4,350.0,82.0
4,351.0,82.0
4,352.0,82.0
4,353.0,82.0
4,354.0,82.0
4,355.0,82.0
4,356.0,82.0
4,357.0,82.0
4,358.0,82.0
4,359.0,82.0
4,360.0,82.0
4,361.0,82.0
4,362.0,82.0
4,363.0,82.0
4,364.0,82.0
4,365.0,82.0
4,366.0,82.0
4,367.0,82.0
4,368.0,82.0
4,369.0,82.0
4,370.0,82.0
4,371.0,82.0
4,372.0,82.0
4,373.0,82.0
4,374.0,82.0
4,375.0,82.0
4,376.0,82.0
4,377.0,82.0
4,378.0,82.0
4,379.0,82.0
4,380.0,82.0
4,381.0,82.0
4,382.0,82.0
4,383.0,82.0
4,384.0,82.0
4,385.0,82.0
4,386.0,82.0
4,387.0,82.0
4,388.0,82.0
4,389.0,82.0
4,390.0,82.0
4,391.0,82.0
4,392.0,82.0
4,393.0,82.0
4,394.0,82.0
4,395.0,82.0
4,396.0,82.0
4,397.0,82.0
4,398.0,82.0
4,399.0,82.0
4,400.0,82.0
4,401.0,82.0
4,402.0,82.0
4,403.0,82.0
4,404.0,82.0
4,405.0,82.0
4,406.0,82.0
4,407.0,82.0
4,408.0,82.0
4,409.0,82.0
4,410.0,82.0
4,411.0,82.0
4,412.0,82.0
4,413.0,82.0
4,414.0,82.0
4,415.0,82.0
4,416.0,82.0
4,417.0,82.0
4,418.0,82.0
4,419.0,82.0
4,420.0,82.0
4,421.0,82.0
4,422.0,82.0
4,423.0,82.0
4,424.0,82.0
4,425.0,82.0
4,426.0,82.0
4,427.0,82.0
4,428.0,82.0
4,429.0,82.0
4,430.0,82.0
4,431.0,82.0
4,432.0,82.0
4,433.0,82.0
4,434.0,82.0
4,435.0,82.0
4,436.0,82.0
4,437.0,82.0
4,438.0,82.0
4,439.0,82.0
4,440.0,82.0
4,441.0,82.0
4,442.0,82.0
4,443.0,82.0
4,444.0,82.0
4,445.0,82.0
4,446.0,82.0
4,447.0,82.0
4,448.0,82.0
4,449.0,82.0
4,450.0,82.0
4,451.0,82.0
4,452.0,82.0
4,453.0,82.0
4,454.0,82.0
4,455.0,82.0
4,456.0,82.0
4,457.0,82.0
4,458.0,82.0
4,459.0,82.0
4,460.0,82.0
4,461.0,82.0
4,462.0,82.0
4,463.0,82.0
4,464.0,82.0
4,465.0,82.0
4,466.0,82.0
4,467.0,82.0
4,468.0,82.0
4,469.0,82.0
4,470.0,82.0
4,471.0,82.0
4,472.0,82.0
4,473.0,82.0
4,474.0,82.0
4,475.0,82.0
4,476.0,82.0
4,477.0,82.0
4,478.0,82.0
4,479.0,82.0
4,480.0,82.0
4,481.0,82.0
4,482.0,82.0
4,483.0,82.0
4,484.0,82.0
4,485.0,82.0
4,486.0,82.0
4,487.0,82.0
4,488.0,82.0
4,489.0,82.0
4,490.0,82.0
4,491.0,82.0
4,492.0,82.0
4,493.0,82.0
4,494.0,83.0
4,495.0,83.0
4,496.0,83.0
4,497.0,83.0
4,498.0,84.0
4,499.0,84.0
4,500.0,85.0
4,501.0,85.0
4,502.0,86.0
4,503.0,86.0
4,504.0,87.0
4,505.0,88.0
4,506.0,88.0
4,507.0,89.0
4,508.0,90.0
4,509.0,91.0
4,510.0,91.0
4,511.0,92.0
4,512.0,93.0
4,513.0,94.0
4,514.0,95.0
4,515.0,96.0
4,516.0,97.0
4,517.0,98.0
4,518.0,99.0
4,518.0,100.0
4,519.0,101.0
4,520.0,102.0
4,521.0,103.0
4,522.0,104.0
4,523.0,105.0
4,523.0,106.0
4,524.0,107.0
4,525.0,108.0
4,526.0,109.0
4,526.0,110.0
4,527.0,111.0
4,528.0,112.0
4,528.0,113.0
4,529.0,114.0
4,530.0,115.0
4,530.0,116.0
4,531.0,117.0
4,531.0,118.0
4,531.0,119.0
4,531.0,120.0
4,532.0,121.0
4,532.0,122.0
4,532.0,123.0
4,532.0,124.0
4,532.0,125.0
4,533.0,126.0
4,533.0,127.0
4,533.0,128.0
4,533.0,129.0
4,533.0,130.0
4,533.0,131.0
4,534.0,132.0
4,534.0,133.0
4,534.0,134.0
4,534.0,135.0
4,534.0,136.0
4,534.0,137.0
4,534.0,138.0
4,534.0,139.0
4,535.0,140.0
4,535.0,141.0
4,535.0,142.0
4,535.0,143.0
4,535.0,144.0
4,535.0,145.0
4,535.0,146.0
4,535.0,147.0
4,535.0,148.0
4,535.0,149.0
4,535.0,150.0
4,535.0,151.0
4,535.0,152.0
4,535.0,153.0
4,535.0,154.0
4,535.0,155.0
4,534.0,156.0
4,534.0,157.0
4,534.0,158.0
4,534.0,159.0
4,534.0,160.0
4,534.0,161.0
4,533.0,162.0
4,533.0,163.0
4,533.0,164.0
4,533.0,165.0
4,532.0,166.0
4,532.0,167.0
4,532.0,168.0
4,531.0,169.0
4,530.0,170.0
4,530.0,171.0
4,529.0,172.0
4,528.0,173.0
4,527.0,174.0
4,526.0,175.0
4,525.0,176.0
4,524.0,177.0
4,524.0,178.0
4,523.0,179.0
4,522.0,180.0
4,522.0,181.0
4,521.0,182.0
4,521.0,183.0
4,521.0,184.0
4,520.0,185.0
4,520.0,186.0
4,519.0,187.0
4,519.0,188.0
4,519.0,189.0
4,518.0,190.0
4,518.0,191.0
4,518.0,192.0
4,517.0,193.0
4,517.0,194.0
4,517.0,195.0
4,516.0,196.0
4,516.0,197.0
4,516.0,198.0
4,515.0,199.0
4,515.0,200.0
4,514.0,201.0
4,514.0,202.0
4,513.0,203.0
4,513.0,204.0
4,512.0,205.0
4,511.0,206.0
4,510.0,207.0
4,510.0,208.0
4,509.0,209.0
4,508.0,210.0
4,507.0,211.0
4,506.0,212.0
4,506.0,213.0
4,505.0,214.0
4,504.0,215.0
4,503.0,216.0
4,502.0,217.0
4,501.0,218.0
4,500.0,219.0
4,499.0,220.0
4,498.0,221.0
4,497.0,222.0
4,496.0,223.0
4,495.0,224.0
4,494.0,225.0
4,493.0,226.0
4,492.0,227.0
4,491.0,228.0
4,490.0,229.0
4,489.0,230.0
4,488.0,231.0
4,487.0,232.0
4,486.0,232.0
4,485.0,233.0
4,484.0,234.0
4,483.0,235.0
4,482.0,236.0
4,481.0,237.0
4,480.0,238.0
4,479.0,238.0
4,478.0,239.0
4,477.0,240.0
4,476.0,241.0
4,475.0,242.0
4,474.0,243.0
4,473.0,243.0
4,472.0,244.0
4,471.0,245.0
4,470.0,246.0
4,469.0,246.0
4,468.0,247.0
4,467.0,248.0
4,466.0,248.0
4,465.0,249.0
4,464.0,250.0
4,463.0,250.0
4,462.0,251.0
4,461.0,252.0
4,460.0,252.0
4,459.0,253.0
4,458.0,254.0
4,457.0,255.0
4,456.0,256.0
4,455.0,257.0
4,454.0,258.0
4,453.0,258.0
4,452.0,259.0
4,452.0,260.0
4,451.0,261.0
4,450.0,262.0
4,449.0,263.0
4,448.0,264.0
4,447.0,265.0
4,447.0,266.0
4,446.0,267.0
4,445.0,268.0
4,444.0,269.0
4,443.0,270.0
4,443.0,271.0
4,442.0,272.0
4,441.0,273.0
4,440.0,274.0
4,440.0,275.0
4,439.0,276.0
4,438.0,277.0
4,438.0,278.0
4,437.0,279.0
4,436.0,280.0
4,435.0,281.0
4,435.0,282.0
4,434.0,283.0
4,433.0,284.0
4,433.0,285.0
4,432.0,286.0
4,431.0,287.0
4,431.0,288.0
4,430.0,289.0
4,429.0,290.0
4,429.0,291.0
4,428.0,292.0
4,427.0,293.0
4,427.0,294.0
4,426.0,295.0
4,425.0,296.0
4,425.0,297.0
4,424.0,298.0
4,423.0,299.0
4,423.0,300.0
4,422.0,301.0
4,421.0,302.0
4,421.0,303.0
4,420.0,304.0
4,419.0,305.0
4,419.0,306.0
4,418.0,307.0
4,417.0,308.0
4,417.0,309.0
4,416.0,310.0
4,416.0,311.0
4,415.0,312.0
4,414.0,313.0
4,414.0,314.0
4,413.0,315.0
4,412.0,316.0
4,412.0,317.0
4,411.0,318.0
4,410.0,319.0
4,410.0,320.0
4,409.0,321.0
4,409.0,322.0
4,408.0,323.0
4,407.0,324.0
4,407.0,325.0
4,406.0,326.0
4,405.0,327.0
4,405.0,328.0
4,404.0,329.0
4,404.0,330.0
4,403.0,331.0
4,402.0,332.0
4,401.0,333.0
4,401.0,334.0
4,400.0,335.0
4,399.0,336.0
4,398.0,337.0
4,398.0,338.0
4,397.0,339.0
4,396.0,340.0
4,395.0,341.0
4,394.0,342.0
4,393.0,343.0
4,392.0,344.0
4,391.0,344.0
4,390.0,345.0
4,389.0,346.0
4,388.0,346.0
4,387.0,347.0
4,386.0,347.0
4,385.0,348.0
4,384.0,348.0
4,383.0,348.0
4,382.0,349.0
4,381.0,349.0
4,380.0,349.0
4,379.0,350.0
4,378.0,350.0
4,377.0,350.0
4,376.0,350.0
4,375.0,351.0
4,374.0,351.0
4,373.0,351.0
4,372.0,351.0
4,371.0,351.0
4,370.0,351.0
4,369.0,352.0
4,368.0,352.0
4,367.0,352.0
4,366.0,352.0
4,365.0,352.0
4,364.0,352.0
4,363.0,352.0
4,362.0,352.0
4,361.0,352.0
4,360.0,352.0
4,359.0,353.0
4,358.0,353.0
4,357.0,353.0
4,356.0,353.0
4,355.0,353.0
4,354.0,353.0
4,353.0,353.0
4,352.0,353.0
4,351.0,353.0
4,350.0,353.0
4,349.0,353.0
4,348.0,353.0
4,347.0,353.0
4,346.0,354.0
4,345.0,354.0
4,344.0,354.0
4,343.0,354.0
4,342.0,354.0
4,341.0,354.0
4,340.0,354.0
4,339.0,354.0
4,338.0,354.0
4,337.0,354.0
4,336.0,354.0
4,335.0,354.0
4,334.0,354.0
4,333.0,354.0
4,332.0,354.0
4,331.0,354.0
4,330.0,354.0
4,329.0,354.0
4,328.0,354.0
4,327.0,354.0
4,326.0,354.0
4,325.0,354.0
4,324.0,354.0
4,323.0,354.0
4,322.0,354.0
4,321.0,354.0
4,320.0,354.0
4,319.0,354.0
4,318.0,354.0
4,317.0,354.0
4,316.0,354.0
4,315.0,354.0
4,314.0,354.0
4,313.0,353.0
4,312.0,353.0
4,311.0,353.0
4,310.0,353.0
4,309.0,353.0
4,308.0,353.0
4,307.0,353.0
4,306.0,352.0
4,305.0,352.0
4,304.0,352.0
4,303.0,352.0
4,302.0,352.0
4,301.0,351.0
4,300.0,351.0
4,299.0,351.0
4,298.0,350.0
4,297.0,350.0
4,296.0,350.0
4,295.0,349.0
4,294.0,349.0
4,293.0,349.0
4,292.0,348.0
4,291.0,348.0
4,290.0,347.0
4,289.0,347.0
4,288.0,346.0
4,287.0,346.0
4,286.0,345.0
4,285.0,344.0
4,284.0,344.0
4,283.0,343.0
4,282.0,342.0
4,281.0,342.0
4,280.0,341.0
4,279.0,340.0
4,278.0,339.0
4,277.0,339.0
4,276.0,338.0
4,275.0,337.0
4,274.0,336.0
4,273.0,335.0
4,272.0,334.0
4,271.0,334.0
4,270.0,333.0
4,269.0,332.0
4,268.0,331.0
4,267.0,330.0
4,266.0,329.0
4,266.0,328.0
4,265.0,327.0
4,264.0,326.0
4,263.0,325.0
4,262.0,324.0
4,261.0,323.0
4,261.0,322.0
4,260.0,321.0
4,259.0,320.0
4,259.0,319.0
4,258.0,318.0
4,257.0,317.0
4,257.0,316.0
4,256.0,315.0
4,256.0,314.0
4,255.0,313.0
4,254.0,312.0
4,254.0,311.0
4,253.0,310.0
4,253.0,309.0
4,253.0,308.0
4,252.0,307.0
4,252.0,306.0
4,251.0,305.0
4,251.0,304.0
4,250.0,303.0
4,250.0,302.0
4,250.0,301.0
4,249.0,300.0
4,249.0,299.0
4,249.0,298.0
4,248.0,297.0
4,248.0,296.0
4,248.0,295.0
4,248.0,294.0
4,247.0,293.0
4,247.0,292.0
4,247.0,291.0
4,247.0,290.0
4,247.0,289.0
4,246.0,288.0
4,246.0,287.0
4,246.0,286.0
4,246.0,285.0
4,246.0,284.0
4,245.0,283.0
4,245.0,282.0
4,245.0,281.0
4,245.0,280.0
4,245.0,279.0
4,245.0,278.0
4,245.0,277.0
4,245.0,276.0
4,244.0,275.0
4,244.0,274.0
4,244.0,273.0
4,244.0,272.0
4,244.0,271.0
4,244.0,270.0
4,244.0,269.0
4,244.0,268.0
4,244.0,267.0
4,244.0,266.0
4,244.0,265.0
4,244.0,264.0
4,244.0,263.0
4,244.0,262.0
4,244.0,261.0
4,244.0,260.0
4,244.0,259.0
4,244.0,258.0
4,244.0,257.0
4,244.0,256.0
4,244.0,255.0
4,244.0,254.0
4,244.0,253.0
4,244.0,252.0
4,244.0,251.0
4,244.0,250.0
4,244.0,249.0
4,244.0,248.0
4,244.0,247.0
4,244.0,246.0
4,244.0,245.0
4,244.0,244.0
4,244.0,243.0
4,244.0,242.0
4,244.0,241.0
4,244.0,240.0
4,244.0,239.0
4,244.0,238.0
4,244.0,237.0
4,244.0,236.0
4,244.0,235.0
4,244.0,234.0
4,244.0,233.0
4,244.0,232.0
4,244.0,231.0
4,244.0,230.0
4,244.0,229.0
4,244.0,228.0
5,323.0,201.0
5,324.0,200.0
5,324.0,199.0
5,324.0,198.0
5,324.0,197.0
5,324.0,196.0
5,325.0,195.0
5,325.0,194.0
5,325.0,193.0
5,326.0,192.0
5,326.0,191.0
5,326.0,190.0
5,327.0,189.0
5,327.0,188.0
5,328.0,187.0
5,328.0,186.0
5,329.0,185.0
5,329.0,184.0
5,330.0,183.0
5,330.0,182.0
5,331.0,181.0
5,331.0,180.0
5,332.0,179.0
5,333.0,178.0
5,333.0,177.0
5,334.0,176.0
5,335.0,175.0
5,335.0,174.0
5,336.0,173.0
5,337.0,172.0
5,337.0,171.0
5,338.0,170.0
5,339.0,169.0
5,339.0,168.0
5,340.0,167.0
5,341.0,166.0
5,342.0,165.0
5,342.0,164.0
5,343.0,163.0
5,344.0,162.0
5,345.0,161.0
5,345.0,160.0
5,346.0,159.0
5,347.0,158.0
5,348.0,157.0
5,348.0,156.0
5,349.0,155.0
5,350.0,154.0
5,351.0,153.0
5,352.0,152.0
5,352.0,151.0
5,353.0,150.0
5,354.0,149.0
5,355.0,148.0
5,356.0,147.0
5,357.0,146.0
5,358.0,145.0
5,359.0,144.0
5,360.0,143.0
5,361.0,142.0
5,362.0,141.0
5,363.0,140.0
5,364.0,140.0
5,365.0,139.0
5,366.0,138.0
5,367.0,137.0
5,368.0,136.0
5,369.0,136.0
5,370.0,135.0
5,371.0,134.0
5,372.0,134.0
5,373.0,133.0
5,374.0,132.0
5,375.0,132.0
5,376.0,131.0
5,377.0,131.0
5,378.0,130.0
5,379.0,130.0
5,380.0,129.0
5,381.0,129.0
5,382.0,128.0
5,383.0,128.0
5,384.0,128.0
5,385.0,127.0
5,386.0,127.0
5,387.0,126.0
5,388.0,126.0
5,389.0,126.0
5,390.0,125.0
5,391.0,125.0
5,392.0,125.0
5,393.0,125.0
5,394.0,124.0
5,395.0,124.0
5,396.0,124.0
5,397.0,124.0
5,398.0,124.0
5,399.0,124.0
5,400.0,124.0
5,401.0,124.0
5,402.0,124.0
5,403.0,124.0
5,404.0,124.0
5,405.0,124.0
5,406.0,124.0
5,407.0,124.0
5,408.0,124.0
5,409.0,124.0
5,410.0,124.0
5,411.0,124.0
5,412.0,125.0
5,413.0,125.0
5,414.0,125.0
5,415.0,126.0
5,416.0,126.0
5,417.0,126.0
5,418.0,127.0
5,419.0,127.0
5,420.0,128.0
5,421.0,128.0
5,422.0,129.0
5,423.0,129.0
5,424.0,130.0
5,425.0,130.0
5,426.0,131.0
5,427.0,132.0
5,428.0,132.0
5,428.0,133.0
5,429.0,134.0
5,430.0,134.0
5,431.0,135.0
5,432.0,136.0
5,432.0,137.0
5,433.0,138.0
5,434.0,139.0
5,435.0,140.0
5,435.0,141.0
5,436.0,142.0
5,437.0,143.0
5,437.0,144.0
5,437.0,145.0
5,438.0,146.0
5,438.0,147.0
5,439.0,148.0
5,439.0,149.0
5,439.0,150.0
5,439.0,151.0
5,440.0,152.0
5,440.0,153.0
5,440.0,154.0
5,440.0,155.0
5,440.0,156.0
5,441.0,157.0
5,441.0,158.0
5,441.0,159.0
5,441.0,160.0
5,441.0,161.0
5,441.0,162.0
5,441.0,163.0
5,441.0,164.0
5,441.0,165.0
5,441.0,166.0
5,441.0,167.0
5,441.0,168.0
5,441.0,169.0
5,441.0,170.0
5,440.0,171.0
5,440.0,172.0
5,440.0,173.0
5,440.0,174.0
5,440.0,175.0
5,439.0,176.0
5,439.0,177.0
5,439.0,178.0
5,439.0,179.0
5,439.0,180.0
5,438.0,181.0
5,438.0,182.0
5,438.0,183.0
5,437.0,184.0
5,437.0,185.0
5,437.0,186.0
5,436.0,187.0
5,436.0,188.0
5,436.0,189.0
5,435.0,190.0
5,435.0,191.0
5,434.0,192.0
5,434.0,193.0
5,433.0,194.0
5,433.0,195.0
5,432.0,196.0
5,432.0,197.0
5,431.0,198.0
5,431.0,199.0
5,430.0,200.0
5,429.0,201.0
5,428.0,202.0
5,428.0,203.0
5,427.0,204.0
5,426.0,205.0
5,426.0,206.0
5,425.0,207.0
5,425.0,208.0
5,424.0,209.0
5,424.0,210.0
5,423.0,211.0
5,423.0,212.0
5,423.0,213.0
5,422.0,214.0
5,422.0,215.0
5,422.0,216.0
5,421.0,217.0
5,421.0,218.0
5,421.0,219.0
5,421.0,220.0
5,420.0,221.0
5,420.0,222.0
5,420.0,223.0
5,420.0,224.0
5,419.0,225.0
5,419.0,226.0
5,419.0,227.0
5,419.0,228.0
5,419.0,229.0
5,418.0,230.0
5,418.0,231.0
5,418.0,232.0
5,418.0,233.0
5,418.0,234.0
5,418.0,235.0
5,417.0,236.0
5,417.0,237.0
5,417.0,238.0
5,417.0,239.0
5,417.0,240.0
5,417.0,241.0
5,416.0,242.0
5,416.0,243.0
5,416.0,244.0
5,416.0,245.0
5,415.0,246.0
5,415.0,247.0
5,415.0,248.0
5,414.0,249.0
5,414.0,250.0
5,413.0,251.0
5,413.0,252.0
5,412.0,253.0
5,412.0,254.0
5,411.0,255.0
5,410.0,256.0
5,410.0,257.0
5,409.0,258.0
5,408.0,259.0
5,407.0,260.0
5,406.0,260.0
5,405.0,261.0
5,404.0,262.0
5,403.0,263.0
5,402.0,263.0
5,401.0,264.0
5,400.0,265.0
5,399.0,265.0
5,398.0,266.0
5,397.0,266.0
5,396.0,267.0
5,395.0,267.0
5,394.0,267.0
5,393.0,268.0
5,392.0,268.0
5,391.0,269.0
5,390.0,269.0
5,389.0,269.0
5,388.0,270.0
5,387.0,270.0
5,386.0,270.0
5,385.0,271.0
5,384.0,271.0
5,383.0,271.0
5,382.0,271.0
5,381.0,272.0
5,380.0,272.0
5,379.0,272.0
5,378.0,272.0
5,377.0,272.0
5,376.0,272.0
5,375.0,273.0
5,374.0,273.0
5,373.0,273.0
5,372.0,273.0
5,371.0,273.0
5,370.0,273.0
5,369.0,273.0
5,368.0,273.0
5,367.0,273.0
5,366.0,273.0
5,365.0,273.0
5,364.0,273.0
5,363.0,273.0
5,362.0,273.0
5,361.0,273.0
5,360.0,273.0
5,359.0,273.0
5,358.0,273.0
5,357.0,273.0
5,356.0,273.0
5,355.0,272.0
5,354.0,272.0
5,353.0,272.0
5,352.0,271.0
5,351.0,271.0
5,350.0,270.0
5,349.0,269.0
5,348.0,269.0
5,347.0,268.0
5,346.0,267.0
5,345.0,266.0
5,344.0,265.0
5,343.0,264.0
5,342.0,263.0
5,341.0,262.0
5,341.0,261.0
5,340.0,260.0
5,339.0,259.0
5,339.0,258.0
5,338.0,257.0
5,337.0,256.0
5,337.0,255.0
5,336.0,254.0
5,335.0,253.0
5,335.0,252.0
5,334.0,251.0
5,334.0,250.0
5,333.0,249.0
5,333.0,248.0
5,332.0,247.0
5,332.0,246.0
5,332.0,245.0
5,331.0,244.0
5,331.0,243.0
5,330.0,242.0
5,330.0,241.0
5,330.0,240.0
5,329.0,239.0
5,329.0,238.0
5,328.0,237.0
5,328.0,236.0
5,328.0,235.0
5,327.0,234.0
5,327.0,233.0
5,327.0,232.0
5,327.0,231.0
5,326.0,230.0
5,326.0,229.0
5,326.0,228.0
5,325.0,227.0
5,325.0,226.0
5,325.0,225.0
5,325.0,224.0
5,325.0,223.0
5,324.0,222.0
5,324.0,221.0
5,324.0,220.0
5,324.0,219.0
5,324.0,218.0
5,324.0,217.0
5,324.0,216.0
5,324.0,215.0
5,324.0,214.0
5,324.0,213.0
5,324.0,212.0
5,324.0,211.0
5,323.0,210.0
5,323.0,209.0
5,323.0,208.0
5,323.0,207.0
5,323.0,206.0
5,323.0,205.0
5,323.0,204.0
5,323.0,203.0
5,323.0,202.0
5,323.0,201.0
6,483.0,458.0
6,484.0,458.0
6,485.0,457.0
6,486.0,457.0
6,487.0,456.0
6,488.0,455.0
6,489.0,455.0
6,490.0,454.0
6,491.0,453.0
6,492.0,453.0
6,493.0,452.0
6,494.0,452.0
6,495.0,451.0
6,496.0,451.0
6,497.0,450.0
6,498.0,450.0
6,499.0,449.0
6,500.0,448.0
6,501.0,448.0
6,502.0,447.0
6,503.0,447.0
6,504.0,446.0
6,505.0,446.0
6,506.0,445.0
6,507.0,445.0
6,508.0,444.0
6,509.0,444.0
6,510.0,444.0
6,511.0,443.0
6,512.0,443.0
6,513.0,442.0
6,514.0,442.0
6,515.0,441.0
6,516.0,441.0
6,517.0,441.0
6,518.0,440.0
6,519.0,440.0
6,520.0,440.0
6,521.0,439.0
6,522.0,439.0
6,523.0,439.0
6,524.0,438.0
6,525.0,438.0
6,526.0,438.0
6,527.0,438.0
6,528.0,438.0
6,529.0,437.0
6,530.0,437.0
6,531.0,437.0
6,532.0,437.0
6,533.0,437.0
6,534.0,437.0
6,535.0,437.0
6,536.0,437.0
6,537.0,437.0
6,538.0,437.0
6,539.0,437.0
6,540.0,437.0
6,541.0,437.0
6,542.0,437.0
6,543.0,437.0
6,544.0,438.0
6,545.0,438.0
6,546.0,438.0
6,547.0,438.0
6,548.0,438.0
6,549.0,438.0
6,550.0,438.0
6,551.0,438.0
6,552.0,438.0
6,553.0,437.0
6,554.0,437.0
6,555.0,437.0
6,556.0,437.0
6,557.0,437.0
6,558.0,437.0
6,559.0,437.0
6,560.0,437.0
6,561.0,437.0
6,562.0,437.0
6,563.0,437.0
6,564.0,437.0
6,565.0,437.0
6,566.0,437.0
6,567.0,437.0
6,568.0,437.0
6,569.0,437.0
6,570.0,437.0
6,571.0,436.0
6,572.0,436.0
6,573.0,436.0
6,574.0,436.0
6,575.0,436.0
6,576.0,436.0
6,577.0,436.0
6,578.0,436.0
6,579.0,436.0
6,580.0,436.0
6,581.0,435.0
6,582.0,435.0
6,583.0,435.0
6,584.0,435.0
6,585.0,435.0
6,586.0,435.0
6,587.0,434.0
6,588.0,434.0
6,589.0,434.0
6,590.0,434.0
6,591.0,434.0
6,592.0,434.0
6,593.0,433.0
6,594.0,433.0
6,595.0,433.0
6,596.0,433.0
6,597.0,433.0
6,598.0,432.0
6,599.0,432.0
6,600.0,432.0
6,601.0,432.0
6,602.0,432.0
6,603.0,431.0
6,604.0,431.0
6,605.0,431.0
6,606.0,431.0
6,607.0,431.0
6,608.0,430.0
6,609.0,430.0
6,610.0,430.0
6,611.0,429.0
6,612.0,429.0
6,613.0,429.0
6,614.0,429.0
6,615.0,428.0
6,616.0,428.0
6,617.0,428.0
6,618.0,427.0
6,619.0,427.0
6,620.0,427.0
6,621.0,426.0
6,622.0,426.0
6,623.0,426.0
6,624.0,425.0
6,625.0,425.0
6,626.0,425.0
6,627.0,424.0
6,628.0,424.0
6,629.0,423.0
6,630.0,423.0
6,631.0,422.0
6,632.0,422.0
6,633.0,422.0
6,634.0,421.0
6,635.0,421.0
6,636.0,420.0
6,637.0,420.0
6,638.0,419.0
6,639.0,419.0
6,640.0,418.0
6,641.0,418.0
6,642.0,417.0
6,643.0,417.0
6,644.0,416.0
6,645.0,416.0
6,646.0,415.0
6,647.0,415.0
6,648.0,414.0
6,649.0,413.0
6,650.0,413.0
6,651.0,412.0
6,652.0,412.0
6,653.0,411.0
6,654.0,410.0
6,655.0,410.0
6,656.0,409.0
6,657.0,408.0
6,658.0,408.0
6,659.0,407.0
6,660.0,406.0
6,661.0,405.0
6,662.0,404.0
6,663.0,403.0
6,664.0,403.0
6,665.0,402.0
6,666.0,401.0
6,667.0,400.0
6,668.0,399.0
6,669.0,398.0
6,670.0,397.0
6,671.0,396.0
6,672.0,395.0
6,673.0,394.0
6,674.0,393.0
6,675.0,392.0
6,676.0,391.0
6,677.0,390.0
6,678.0,389.0
6,678.0,388.0
6,679.0,387.0
6,680.0,386.0
6,681.0,385.0
6,682.0,384.0
6,682.0,383.0
6,683.0,382.0
6,683.0,381.0
6,684.0,380.0
6,685.0,379.0
6,686.0,378.0
6,686.0,377.0
6,687.0,376.0
6,687.0,375.0
6,688.0,374.0
6,688.0,373.0
6,689.0,372.0
6,690.0,371.0
6,690.0,370.0
6,691.0,369.0
6,691.0,368.0
6,692.0,367.0
6,692.0,366.0
6,692.0,365.0
6,693.0,364.0
6,693.0,363.0
6,694.0,362.0
6,694.0,361.0
6,695.0,360.0
6,695.0,359.0
6,695.0,358.0
6,696.0,357.0
6,696.0,356.0
6,696.0,355.0
6,697.0,354.0
6,697.0,353.0
6,698.0,352.0
6,698.0,351.0
6,698.0,350.0
6,699.0,349.0
6,699.0,348.0
6,699.0,347.0
6,700.0,346.0
6,700.0,345.0
6,700.0,344.0
6,701.0,343.0
6,701.0,342.0
6,702.0,341.0
6,702.0,340.0
6,702.0,339.0
6,703.0,338.0
6,703.0,337.0
6,703.0,336.0
6,704.0,335.0
6,704.0,334.0
6,705.0,333.0
6,705.0,332.0
6,705.0,331.0
6,706.0,330.0
6,706.0,329.0
6,707.0,328.0
6,707.0,327.0
6,707.0,326.0
6,708.0,325.0
6,708.0,324.0
6,708.0,323.0
6,709.0,322.0
6,709.0,321.0
6,710.0,320.0
6,710.0,319.0
6,710.0,318.0
6,711.0,317.0
6,711.0,316.0
6,712.0,315.0
6,712.0,314.0
6,712.0,313.0
6,713.0,312.0
6,713.0,311.0
6,714.0,310.0
6,714.0,309.0
6,714.0,308.0
6,715.0,307.0
6,715.0,306.0
6,716.0,305.0
6,716.0,304.0
6,717.0,303.0
6,717.0,302.0
6,717.0,301.0
6,718.0,300.0
6,718.0,299.0
6,719.0,298.0
6,719.0,297.0
6,720.0,296.0
6,720.0,295.0
6,720.0,294.0
6,721.0,293.0
6,721.0,292.0
6,722.0,291.0
6,722.0,290.0
6,723.0,289.0
6,723.0,288.0
6,723.0,287.0
6,724.0,286.0
6,724.0,285.0
6,725.0,284.0
6,725.0,283.0
6,726.0,282.0
6,726.0,281.0
6,726.0,280.0
6,727.0,279.0
6,727.0,278.0
6,728.0,277.0
6,728.0,276.0
6,729.0,275.0
6,729.0,274.0
6,730.0,273.0
6,730.0,272.0
6,731.0,271.0
6,731.0,270.0
6,731.0,269.0
6,732.0,268.0
6,732.0,267.0
6,733.0,266.0
6,733.0,265.0
6,734.0,264.0
6,734.0,263.0
6,735.0,262.0
6,735.0,261.0
6,736.0,260.0
6,736.0,259.0
6,737.0,258.0
6,737.0,257.0
6,738.0,256.0
6,738.0,255.0
6,739.0,254.0
6,739.0,253.0
6,740.0,252.0
6,740.0,251.0
6,741.0,250.0
6,741.0,249.0
6,742.0,248.0
6,742.0,247.0
6,743.0,246.0
6,743.0,245.0
6,744.0,244.0
6,744.0,243.0
6,745.0,242.0
6,745.0,241.0
6,746.0,240.0
6,746.0,239.0
6,747.0,238.0
6,747.0,237.0
6,748.0,236.0
6,748.0,235.0
6,749.0,234.0
6,749.0,233.0
6,750.0,232.0
6,750.0,231.0
6,751.0,230.0
6,752.0,229.0
6,752.0,228.0
6,753.0,227.0
6,753.0,226.0
6,754.0,225.0
6,754.0,224.0
6,755.0,223.0
6,755.0,222.0
6,756.0,221.0
6,757.0,220.0
6,757.0,219.0
6,758.0,218.0
6,758.0,217.0
6,759.0,216.0
6,760.0,215.0
6,760.0,214.0
6,761.0,213.0
6,761.0,212.0
6,762.0,211.0
6,763.0,210.0
6,763.0,209.0
6,764.0,208.0
6,765.0,207.0
6,765.0,206.0
6,765.0,207.0
6,765.0,208.0
6,765.0,209.0
6,765.0,210.0
6,765.0,211.0
6,765.0,212.0
6,765.0,213.0
6,765.0,214.0
6,764.0,215.0
6,764.0,216.0
6,763.0,217.0
6,763.0,218.0
6,762.0,219.0
6,761.0,220.0
6,761.0,221.0
6,760.0,222.0
6,760.0,223.0
6,759.0,224.0
6,759.0,225.0
6,758.0,226.0
6,757.0,227.0
6,757.0,228.0
6,756.0,229.0
6,756.0,230.0
6,755.0,231.0
6,755.0,232.0
6,754.0,233.0
6,754.0,234.0
6,753.0,235.0
6,752.0,236.0
6,752.0,237.0
6,751.0,238.0
6,751.0,239.0
6,750.0,240.0
6,750.0,241.0
6,749.0,242.0
6,749.0,243.0
6,748.0,244.0
6,748.0,245.0
6,747.0,246.0
6,747.0,247.0
6,746.0,248.0
6,746.0,249.0
6,745.0,250.0
6,745.0,251.0
6,744.0,252.0
6,744.0,253.0
6,743.0,254.0
6,743.0,255.0
6,742.0,256.0
6,742.0,257.0
6,741.0,258.0
6,741.0,259.0
6,740.0,260.0
6,740.0,261.0
6,739.0,262.0
6,739.0,263.0
6,738.0,264.0
6,738.0,265.0
6,737.0,266.0
6,737.0,267.0
6,736.0,268.0
6,736.0,269.0
6,735.0,270.0
6,735.0,271.0
6,735.0,272.0
6,734.0,273.0
6,733.0,274.0
6,733.0,275.0
6,733.0,276.0
6,732.0,277.0
6,732.0,278.0
6,731.0,279.0
6,731.0,280.0
6,730.0,281.0
6,730.0,282.0
6,729.0,283.0
6,729.0,284.0
6,728.0,285.0
6,728.0,286.0
6,728.0,287.0
6,727.0,288.0
6,727.0,289.0
6,726.0,290.0
6,726.0,291.0
6,725.0,292.0
6,725.0,293.0
6,725.0,294.0
6,724.0,295.0
6,724.0,296.0
6,723.0,297.0
6,723.0,298.0
6,722.0,299.0
6,722.0,300.0
6,722.0,301.0
6,721.0,302.0
6,721.0,303.0
6,720.0,304.0
6,720.0,305.0
6,719.0,306.0
6,719.0,307.0
6,719.0,308.0
6,718.0,309.0
6,718.0,310.0
6,717.0,311.0
6,717.0,312.0
6,716.0,313.0
6,716.0,314.0
6,716.0,315.0
6,715.0,316.0
6,715.0,317.0
6,714.0,318.0
6,714.0,319.0
6,714.0,320.0
6,713.0,321.0
6,713.0,322.0
6,712.0,323.0
6,712.0,324.0
6,712.0,325.0
6,711.0,326.0
6,711.0,327.0
6,711.0,328.0
6,710.0,329.0
6,710.0,330.0
6,709.0,331.0
6,709.0,332.0
6,709.0,333.0
6,708.0,334.0
6,708.0,335.0
6,707.0,336.0
6,707.0,337.0
6,707.0,338.0
6,706.0,339.0
6,706.0,340.0
6,706.0,341.0
6,705.0,342.0
6,705.0,343.0
6,704.0,344.0
6,704.0,345.0
6,704.0,346.0
6,703.0,347.0
6,703.0,348.0
6,703.0,349.0
6,702.0,350.0
6,702.0,351.0
6,702.0,352.0
6,701.0,353.0
6,701.0,354.0
6,700.0,355.0
6,700.0,356.0
6,700.0,357.0
6,699.0,358.0
6,699.0,359.0
6,699.0,360.0
6,698.0,361.0
6,698.0,362.0
6,697.0,363.0
6,697.0,364.0
6,697.0,365.0
6,696.0,366.0
6,696.0,367.0
6,695.0,368.0
6,695.0,369.0
6,694.0,370.0
6,694.0,371.0
6,693.0,372.0
6,693.0,373.0
6,692.0,374.0
6,692.0,375.0
6,691.0,376.0
6,691.0,377.0
6,690.0,378.0
6,690.0,379.0
6,689.0,380.0
6,688.0,381.0
6,688.0,382.0
6,687.0,383.0
6,686.0,384.0
6,686.0,385.0
6,685.0,386.0
6,684.0,387.0
6,684.0,388.0
6,683.0,389.0
6,682.0,390.0
6,681.0,391.0
6,681.0,392.0
6,680.0,393.0
6,679.0,394.0
6,678.0,395.0
6,677.0,396.0
6,676.0,397.0
6,675.0,398.0
6,674.0,399.0
6,673.0,400.0
6,672.0,401.0
6,671.0,402.0
6,670.0,403.0
6,669.0,404.0
6,668.0,405.0
6,667.0,406.0
6,666.0,406.0
6,665.0,407.0
6,664.0,408.0
6,663.0,409.0
6,662.0,409.0
6,661.0,410.0
6,660.0,411.0
6,659.0,412.0
6,658.0,412.0
6,657.0,413.0
6,656.0,414.0
6,655.0,414.0
6,654.0,415.0
6,653.0,416.0
6,652.0,416.0
6,651.0,417.0
6,650.0,417.0
6,649.0,418.0
6,648.0,419.0
6,647.0,419.0
6,646.0,420.0
6,645.0,420.0
6,644.0,421.0
6,643.0,421.0
6,642.0,422.0
6,641.0,422.0
6,640.0,423.0
6,639.0,423.0
6,638.0,424.0
6,637.0,424.0
6,636.0,425.0
6,635.0,425.0
6,634.0,425.0
6,633.0,426.0
6,632.0,426.0
6,631.0,427.0
6,630.0,427.0
6,629.0,427.0
6,628.0,428.0
6,627.0,428.0
6,626.0,429.0
6,625.0,429.0
6,624.0,429.0
6,623.0,430.0
6,622.0,430.0
6,621.0,430.0
6,620.0,431.0
6,619.0,431.0
6,618.0,431.0
6,617.0,432.0
6,616.0,432.0
6,615.0,432.0
6,614.0,433.0
6,613.0,433.0
6,612.0,433.0
6,611.0,433.0
6,610.0,434.0
6,609.0,434.0
6,608.0,434.0
6,607.0,434.0
6,606.0,435.0
6,605.0,435.0
6,604.0,435.0
6,603.0,435.0
6,602.0,436.0
6,601.0,436.0
6,600.0,436.0
6,599.0,436.0
6,598.0,436.0
6,597.0,437.0
6,596.0,437.0
6,595.0,437.0
6,594.0,437.0
6,593.0,437.0
6,592.0,438.0
6,591.0,438.0
6,590.0,438.0
6,589.0,438.0
6,588.0,438.0
6,587.0,438.0
6,586.0,439.0
6,585.0,439.0
6,584.0,439.0
6,583.0,439.0
6,582.0,439.0
6,581.0,439.0
6,580.0,439.0
6,579.0,440.0
6,578.0,440.0
6,577.0,440.0
6,576.0,440.0
6,575.0,440.0
6,574.0,440.0
6,573.0,440.0
6,572.0,440.0
6,571.0,440.0
6,570.0,441.0
6,569.0,441.0
6,568.0,441.0
6,567.0,441.0
6,566.0,441.0
6,565.0,441.0
6,564.0,441.0
6,563.0,441.0
6,562.0,441.0
6,561.0,441.0
6,560.0,441.0
6,559.0,441.0
6,558.0,441.0
6,557.0,441.0
6,556.0,441.0
6,555.0,441.0
6,554.0,441.0
6,553.0,441.0
6,552.0,441.0
6,551.0,442.0
6,550.0,442.0
6,549.0,442.0
6,548.0,442.0
6,547.0,442.0
6,546.0,442.0
6,545.0,442.0
6,544.0,442.0
6,543.0,441.0
6,542.0,441.0
6,541.0,441.0
6,540.0,441.0
6,539.0,441.0
6,538.0,441.0
6,537.0,441.0
6,536.0,441.0
6,535.0,441.0
6,534.0,441.0
6,533.0,441.0
6,532.0,441.0
6,531.0,441.0
6,530.0,441.0
6,529.0,441.0
6,528.0,442.0
6,527.0,442.0
6,526.0,442.0
6,525.0,442.0
6,524.0,442.0
6,523.0,443.0
6,522.0,443.0
6,521.0,443.0
6,520.0,444.0
6,519.0,444.0
6,518.0,444.0
6,517.0,445.0
6,516.0,445.0
6,515.0,446.0
6,514.0,446.0
6,513.0,446.0
6,512.0,447.0
6,511.0,447.0
6,510.0,448.0
6,509.0,448.0
6,508.0,449.0
6,507.0,449.0
6,506.0,450.0
6,505.0,450.0
6,504.0,451.0
6,503.0,451.0
6,502.0,452.0
6,501.0,452.0
6,500.0,453.0
6,499.0,453.0
6,498.0,454.0
6,497.0,455.0
6,496.0,455.0
6,495.0,456.0
6,494.0,456.0
6,493.0,457.0
6,492.0,457.0
6,491.0,458.0
6,490.0,458.0
6,489.0,458.0
6,488.0,458.0
6,487.0,458.0
6,486.0,458.0
6,485.0,458.0
6,484.0,458.0
6,483.0,458.0
